customer_id,tenure_months,monthly_charge,support_calls,contract_type,churned
C00000,7,50.19,4,two-year,1
C00001,55,111.84,0,one-year,0
C00002,47,98.13,2,one-year,0
C00003,32,31.06,4,month-to-month,1
C00004,31,119.7,2,month-to-month,1
C00005,61,107.92,2,month-to-month,1
C00006,7,48.39,0,two-year,0
C00007,50,103.69,2,one-year,1
C00008,15,30.64,2,month-to-month,1
C00009,7,119.91,2,month-to-month,1
C00010,38,86.57,1,two-year,1
C00011,70,85.01,1,one-year,0
C00012,53,29.04,1,one-year,0
C00013,55,109.7,1,two-year,1
C00014,51,22.9,1,one-year,0
C00015,56,44.08,2,one-year,0
C00016,37,34.3,0,month-to-month,1
C00017,10,97.68,1,month-to-month,1
C00018,60,39.82,1,two-year,0
C00019,32,111.06,2,one-year,0
C00020,36,85.63,0,month-to-month,1
C00021,27,23.62,0,one-year,0
C00022,13,20.54,1,month-to-month,0
C00023,66,25.17,5,two-year,0
C00024,56,80.59,1,month-to-month,1
C00025,46,100.15,3,two-year,1
C00026,29,43.86,4,one-year,1
C00027,59,104.94,2,month-to-month,1
C00028,39,25.72,1,month-to-month,1
C00029,32,100.1,0,two-year,0
C00030,32,112.78,3,month-to-month,0
C00031,17,97.21,4,month-to-month,1
C00032,7,89.81,2,one-year,1
C00033,40,103.8,3,month-to-month,1
C00034,64,24.02,1,month-to-month,0
C00035,5,40.18,0,month-to-month,0
C00036,61,32.49,1,two-year,1
C00037,59,70.45,1,month-to-month,0
C00038,20,94.52,2,month-to-month,0
C00039,45,83.0,4,month-to-month,1
C00040,12,105.11,4,month-to-month,1
C00041,54,35.52,0,month-to-month,0
C00042,50,93.46,2,month-to-month,1
C00043,26,39.3,4,month-to-month,1
C00044,5,47.08,3,month-to-month,1
C00045,69,90.99,2,two-year,1
C00046,32,118.02,6,month-to-month,1
C00047,64,81.15,3,month-to-month,1
C00048,49,25.45,4,two-year,0
C00049,56,81.63,2,two-year,0
C00050,54,24.24,0,one-year,0
C00051,14,108.41,3,month-to-month,1
C00052,26,90.96,1,month-to-month,1
C00053,34,37.31,3,month-to-month,1
C00054,36,29.17,3,month-to-month,0
C00055,4,38.35,2,month-to-month,0
C00056,39,118.0,1,one-year,1
C00057,11,65.86,1,month-to-month,0
C00058,53,98.41,4,one-year,1
C00059,49,83.64,4,month-to-month,1
C00060,66,77.24,0,month-to-month,1
C00061,53,34.51,3,one-year,0
C00062,27,114.6,3,two-year,0
C00063,69,50.13,2,month-to-month,0
C00064,30,77.8,0,one-year,0
C00065,24,89.98,1,month-to-month,0
C00066,65,84.92,3,month-to-month,0
C00067,27,114.06,1,one-year,0
C00068,6,34.84,2,month-to-month,1
C00069,34,70.84,2,month-to-month,0
C00070,57,60.4,6,month-to-month,1
C00071,14,67.42,6,month-to-month,1
C00072,33,31.92,2,month-to-month,1
C00073,10,33.41,1,month-to-month,0
C00074,49,47.81,0,two-year,0
C00075,34,50.47,4,one-year,1
C00076,24,62.79,1,month-to-month,1
C00077,17,81.1,2,month-to-month,1
C00078,41,83.46,3,one-year,0
C00079,48,61.18,1,month-to-month,0
C00080,67,60.88,1,one-year,0
C00081,32,41.76,3,one-year,1
C00082,12,78.83,5,month-to-month,1
C00083,60,51.7,1,month-to-month,0
C00084,45,23.61,4,month-to-month,1
C00085,50,61.84,3,month-to-month,0
C00086,7,67.41,2,month-to-month,0
C00087,23,42.56,2,two-year,1
C00088,55,77.25,2,month-to-month,1
C00089,60,76.58,3,one-year,0
C00090,31,90.2,1,one-year,0
C00091,58,84.79,1,month-to-month,1
C00092,60,85.24,1,month-to-month,0
C00093,28,51.62,4,month-to-month,1
C00094,64,98.74,4,one-year,1
C00095,21,74.91,3,month-to-month,1
C00096,18,63.14,3,one-year,1
C00097,49,82.6,4,two-year,0
C00098,46,56.07,1,one-year,0
C00099,10,71.27,1,two-year,0
C00100,60,93.67,3,one-year,1
C00101,15,108.64,2,two-year,1
C00102,58,112.11,3,two-year,1
C00103,1,70.36,1,one-year,1
C00104,57,72.03,2,two-year,0
C00105,56,99.99,1,two-year,0
C00106,56,51.45,0,month-to-month,0
C00107,48,103.74,2,one-year,1
C00108,34,69.41,4,one-year,1
C00109,51,31.59,2,two-year,0
C00110,20,27.21,1,month-to-month,0
C00111,56,104.2,1,two-year,0
C00112,40,25.56,2,one-year,0
C00113,33,48.06,0,two-year,0
C00114,36,53.41,1,month-to-month,0
C00115,41,37.3,1,one-year,0
C00116,3,51.39,6,one-year,1
C00117,10,94.27,4,two-year,0
C00118,18,21.47,0,two-year,0
C00119,9,102.72,2,one-year,0
C00120,32,105.65,3,one-year,1
C00121,48,57.23,4,month-to-month,1
C00122,47,35.36,2,two-year,1
C00123,34,80.08,3,month-to-month,1
C00124,61,31.97,2,one-year,0
C00125,41,56.49,1,one-year,1
C00126,6,115.84,4,month-to-month,1
C00127,55,119.55,2,month-to-month,1
C00128,41,97.21,1,month-to-month,1
C00129,46,51.1,2,two-year,0
C00130,41,88.77,2,one-year,0
C00131,40,90.54,2,month-to-month,1
C00132,7,58.78,4,one-year,1
C00133,40,84.09,0,month-to-month,0
C00134,57,21.07,2,two-year,0
C00135,22,40.91,1,month-to-month,0
C00136,43,72.51,1,month-to-month,1
C00137,3,36.38,2,month-to-month,1
C00138,25,36.59,1,one-year,0
C00139,32,103.63,3,month-to-month,1
C00140,70,118.91,3,one-year,0
C00141,16,75.6,3,month-to-month,1
C00142,20,103.91,0,month-to-month,0
C00143,30,119.03,1,month-to-month,0
C00144,71,34.16,1,month-to-month,0
C00145,61,64.82,4,two-year,1
C00146,3,59.26,1,month-to-month,0
C00147,17,28.0,0,two-year,0
C00148,59,95.53,2,month-to-month,1
C00149,5,63.38,2,month-to-month,1
C00150,61,66.93,1,month-to-month,0
C00151,20,35.07,3,month-to-month,1
C00152,66,38.09,2,one-year,0
C00153,21,110.71,3,one-year,0
C00154,31,24.46,0,month-to-month,1
C00155,47,43.29,5,one-year,0
C00156,9,49.21,3,one-year,0
C00157,40,69.02,0,two-year,0
C00158,36,78.64,1,two-year,0
C00159,56,69.33,2,one-year,1
C00160,71,28.41,3,two-year,0
C00161,48,44.37,2,one-year,0
C00162,30,104.36,6,month-to-month,1
C00163,29,83.76,2,one-year,0
C00164,30,84.91,2,month-to-month,1
C00165,58,87.02,4,one-year,0
C00166,23,96.29,3,two-year,1
C00167,12,25.81,1,month-to-month,0
C00168,24,56.66,2,two-year,0
C00169,2,73.95,1,two-year,0
C00170,8,53.85,2,month-to-month,0
C00171,7,104.45,2,one-year,0
C00172,55,68.26,3,two-year,0
C00173,52,96.86,2,two-year,0
C00174,50,105.2,2,month-to-month,0
C00175,33,70.48,0,month-to-month,0
C00176,51,110.96,5,one-year,0
C00177,12,78.71,2,month-to-month,1
C00178,64,105.03,4,month-to-month,1
C00179,36,54.06,4,month-to-month,0
C00180,67,69.88,1,month-to-month,1
C00181,11,73.14,0,one-year,1
C00182,36,30.5,0,one-year,0
C00183,50,59.86,1,one-year,0
C00184,36,111.73,0,one-year,1
C00185,32,83.08,5,month-to-month,1
C00186,12,37.75,3,month-to-month,1
C00187,28,53.89,1,month-to-month,0
C00188,17,39.16,2,month-to-month,0
C00189,22,22.48,2,month-to-month,0
C00190,49,112.75,2,month-to-month,0
C00191,45,64.82,2,month-to-month,0
C00192,44,50.75,3,month-to-month,1
C00193,26,79.85,2,one-year,0
C00194,69,20.73,2,one-year,0
C00195,7,47.8,3,two-year,1
C00196,25,90.3,2,one-year,0
C00197,9,83.38,1,one-year,0
C00198,25,118.18,3,month-to-month,1
C00199,69,82.04,3,one-year,0
C00200,27,67.75,4,month-to-month,1
C00201,65,96.14,0,month-to-month,0
C00202,36,110.33,3,month-to-month,1
C00203,50,92.07,3,month-to-month,1
C00204,33,116.32,1,month-to-month,1
C00205,19,98.2,0,one-year,0
C00206,55,106.68,3,two-year,0
C00207,69,31.41,1,one-year,0
C00208,19,93.24,2,one-year,0
C00209,56,64.01,2,one-year,0
C00210,19,75.31,3,month-to-month,0
C00211,51,85.41,4,one-year,1
C00212,57,116.98,1,one-year,0
C00213,32,118.46,7,month-to-month,1
C00214,53,48.82,2,month-to-month,1
C00215,20,93.38,5,two-year,1
C00216,6,95.0,2,one-year,1
C00217,7,54.65,2,month-to-month,1
C00218,32,32.39,2,one-year,0
C00219,65,24.09,0,month-to-month,0
C00220,10,97.73,2,month-to-month,1
C00221,33,68.97,2,month-to-month,0
C00222,50,118.55,0,month-to-month,1
C00223,15,66.5,1,one-year,1
C00224,52,117.79,2,month-to-month,0
C00225,22,61.16,0,one-year,1
C00226,58,99.37,1,month-to-month,1
C00227,42,28.48,1,one-year,0
C00228,39,75.55,2,one-year,1
C00229,13,100.21,0,one-year,0
C00230,33,112.47,2,one-year,1
C00231,61,102.26,2,two-year,0
C00232,2,23.7,1,one-year,0
C00233,54,57.27,4,one-year,0
C00234,35,24.87,2,one-year,0
C00235,52,30.93,1,month-to-month,0
C00236,48,87.53,2,month-to-month,1
C00237,31,91.33,3,month-to-month,0
C00238,22,97.37,2,month-to-month,0
C00239,45,106.55,2,month-to-month,1
C00240,10,93.94,0,month-to-month,1
C00241,42,100.09,1,one-year,0
C00242,7,24.9,1,month-to-month,0
C00243,47,43.45,4,two-year,0
C00244,45,82.19,2,month-to-month,1
C00245,6,105.81,5,one-year,1
C00246,54,20.45,3,month-to-month,1
C00247,30,71.46,1,month-to-month,0
C00248,56,87.73,1,month-to-month,0
C00249,3,22.96,4,one-year,1
C00250,13,60.14,3,month-to-month,1
C00251,36,109.56,1,two-year,0
C00252,14,87.16,3,month-to-month,1
C00253,24,43.77,2,one-year,0
C00254,47,105.28,3,month-to-month,1
C00255,11,54.8,2,one-year,0
C00256,49,105.33,2,month-to-month,1
C00257,8,49.89,2,month-to-month,1
C00258,13,79.03,3,month-to-month,1
C00259,42,59.69,3,month-to-month,1
C00260,57,47.48,2,month-to-month,1
C00261,13,108.66,1,two-year,0
C00262,22,38.76,0,month-to-month,1
C00263,66,28.48,1,month-to-month,1
C00264,71,54.19,2,two-year,0
C00265,42,91.76,1,month-to-month,1
C00266,32,100.74,3,month-to-month,0
C00267,25,119.87,0,one-year,0
C00268,44,49.64,1,two-year,1
C00269,42,60.79,2,one-year,0
C00270,21,33.68,2,month-to-month,0
C00271,2,77.49,2,two-year,0
C00272,11,119.76,0,month-to-month,1
C00273,69,90.09,2,two-year,0
C00274,30,79.52,2,two-year,0
C00275,35,59.24,4,two-year,0
C00276,34,111.53,2,month-to-month,1
C00277,56,69.69,2,month-to-month,0
C00278,5,33.44,2,one-year,1
C00279,6,56.54,3,one-year,0
C00280,20,26.72,0,one-year,0
C00281,35,40.2,2,two-year,0
C00282,48,21.77,0,one-year,0
C00283,35,65.33,4,month-to-month,1
C00284,32,83.45,3,month-to-month,1
C00285,67,54.33,4,month-to-month,0
C00286,12,62.04,1,month-to-month,0
C00287,41,115.92,1,month-to-month,0
C00288,39,95.2,1,two-year,0
C00289,34,74.09,2,one-year,0
C00290,58,48.45,2,one-year,0
C00291,19,109.7,3,month-to-month,1
C00292,68,43.51,2,one-year,0
C00293,24,52.53,1,two-year,1
C00294,39,110.91,2,two-year,0
C00295,37,72.95,6,one-year,1
C00296,61,94.23,1,two-year,0
C00297,32,79.07,1,one-year,0
C00298,21,85.34,1,month-to-month,1
C00299,2,49.94,2,two-year,0
C00300,26,44.14,0,month-to-month,0
C00301,59,52.25,1,month-to-month,0
C00302,1,35.54,0,month-to-month,1
C00303,64,107.43,1,one-year,0
C00304,39,48.32,2,one-year,0
C00305,10,76.15,1,one-year,0
C00306,22,99.2,0,month-to-month,1
C00307,40,98.38,4,month-to-month,1
C00308,23,63.84,2,two-year,0
C00309,8,67.63,6,month-to-month,1
C00310,48,119.47,1,two-year,0
C00311,48,87.46,2,month-to-month,1
C00312,9,101.46,1,one-year,1
C00313,20,110.26,4,one-year,0
C00314,18,98.76,1,two-year,1
C00315,47,38.52,0,month-to-month,0
C00316,52,76.22,1,two-year,0
C00317,52,30.19,3,one-year,0
C00318,67,85.29,2,one-year,0
C00319,55,115.53,2,one-year,0
C00320,23,71.27,1,month-to-month,1
C00321,8,63.3,2,month-to-month,0
C00322,44,23.58,5,month-to-month,0
C00323,66,115.98,1,month-to-month,0
C00324,70,30.3,2,one-year,1
C00325,17,24.11,2,month-to-month,1
C00326,17,44.61,2,month-to-month,0
C00327,3,26.55,2,month-to-month,1
C00328,11,65.51,1,month-to-month,1
C00329,40,71.61,1,month-to-month,0
C00330,39,51.26,3,one-year,1
C00331,27,25.1,3,month-to-month,1
C00332,23,31.16,0,two-year,1
C00333,59,58.45,5,month-to-month,1
C00334,33,26.05,0,month-to-month,0
C00335,58,89.82,3,two-year,0
C00336,69,40.7,2,month-to-month,1
C00337,23,50.21,3,month-to-month,1
C00338,15,59.41,0,two-year,0
C00339,68,61.66,3,two-year,0
C00340,46,20.17,3,one-year,0
C00341,21,31.21,1,month-to-month,0
C00342,45,106.28,2,one-year,0
C00343,37,20.12,1,two-year,0
C00344,65,70.82,1,two-year,0
C00345,19,68.95,2,month-to-month,1
C00346,71,53.31,3,month-to-month,0
C00347,67,63.13,5,month-to-month,1
C00348,13,98.06,4,month-to-month,1
C00349,12,104.12,1,one-year,0
C00350,38,46.03,5,month-to-month,1
C00351,4,52.25,3,month-to-month,1
C00352,22,44.25,1,month-to-month,1
C00353,31,67.99,3,month-to-month,1
C00354,69,88.33,2,month-to-month,0
C00355,71,42.83,0,month-to-month,0
C00356,11,53.07,3,month-to-month,1
C00357,64,113.04,3,two-year,0
C00358,7,24.86,1,month-to-month,1
C00359,54,66.08,1,one-year,1
C00360,61,91.16,0,month-to-month,0
C00361,64,35.05,4,month-to-month,1
C00362,16,24.74,2,month-to-month,1
C00363,64,33.82,4,month-to-month,0
C00364,9,111.88,1,month-to-month,1
C00365,37,20.93,1,month-to-month,1
C00366,34,38.83,1,one-year,0
C00367,23,23.13,2,month-to-month,1
C00368,2,31.06,0,month-to-month,0
C00369,55,82.01,1,one-year,0
C00370,24,44.16,2,month-to-month,0
C00371,47,76.92,1,month-to-month,0
C00372,30,79.02,2,month-to-month,0
C00373,27,104.94,1,month-to-month,1
C00374,63,20.47,3,month-to-month,0
C00375,7,105.34,1,two-year,1
C00376,53,81.91,1,two-year,0
C00377,54,36.27,3,two-year,0
C00378,27,97.29,2,month-to-month,1
C00379,19,105.55,0,month-to-month,1
C00380,1,45.43,0,month-to-month,0
C00381,67,111.88,2,month-to-month,1
C00382,68,65.45,3,month-to-month,1
C00383,18,80.34,2,month-to-month,1
C00384,3,118.46,0,month-to-month,1
C00385,9,56.15,4,month-to-month,0
C00386,5,101.32,2,month-to-month,1
C00387,60,51.84,2,one-year,0
C00388,64,99.92,1,month-to-month,1
C00389,11,80.07,1,two-year,1
C00390,54,41.64,1,month-to-month,0
C00391,13,61.4,3,one-year,0
C00392,27,51.76,0,month-to-month,0
C00393,43,27.81,0,month-to-month,0
C00394,52,22.98,2,month-to-month,0
C00395,63,54.65,1,month-to-month,0
C00396,4,21.9,3,one-year,0
C00397,14,36.55,3,month-to-month,1
C00398,20,92.52,0,month-to-month,0
C00399,23,90.81,6,two-year,1
C00400,71,93.86,2,month-to-month,0
C00401,56,51.72,5,one-year,0
C00402,23,109.0,0,one-year,1
C00403,69,79.38,1,month-to-month,1
C00404,36,32.6,0,month-to-month,0
C00405,36,34.37,1,month-to-month,0
C00406,31,89.31,2,one-year,0
C00407,11,37.29,2,month-to-month,0
C00408,67,70.73,5,month-to-month,1
C00409,1,119.18,3,month-to-month,1
C00410,13,20.4,4,two-year,0
C00411,17,21.66,1,one-year,0
C00412,20,119.31,2,two-year,1
C00413,10,78.46,3,one-year,1
C00414,2,32.69,4,one-year,1
C00415,49,109.73,1,month-to-month,0
C00416,69,108.04,2,two-year,0
C00417,9,73.62,1,one-year,0
C00418,22,82.18,1,month-to-month,1
C00419,36,47.32,4,one-year,0
C00420,66,25.05,4,one-year,0
C00421,50,79.46,0,month-to-month,1
C00422,55,49.48,1,month-to-month,0
C00423,42,86.36,3,month-to-month,1
C00424,30,103.62,0,two-year,1
C00425,15,21.82,2,month-to-month,1
C00426,62,79.57,2,two-year,1
C00427,58,43.13,3,month-to-month,0
C00428,2,107.39,4,one-year,1
C00429,51,45.37,2,month-to-month,1
C00430,6,81.08,4,two-year,1
C00431,53,75.35,5,month-to-month,1
C00432,59,59.62,0,month-to-month,0
C00433,10,87.76,0,month-to-month,1
C00434,31,92.58,2,month-to-month,1
C00435,9,76.69,1,month-to-month,1
C00436,41,95.84,1,one-year,0
C00437,66,118.34,2,two-year,1
C00438,6,61.93,2,one-year,0
C00439,29,71.46,5,one-year,0
C00440,70,21.25,0,month-to-month,0
C00441,22,99.6,4,two-year,1
C00442,10,72.02,2,two-year,0
C00443,35,60.8,1,month-to-month,1
C00444,37,29.41,3,two-year,0
C00445,48,108.97,1,month-to-month,1
C00446,23,59.5,4,two-year,1
C00447,68,88.26,1,two-year,0
C00448,37,34.94,1,one-year,0
C00449,21,116.15,0,month-to-month,1
C00450,69,37.84,4,one-year,0
C00451,66,39.95,1,month-to-month,0
C00452,36,105.9,0,one-year,1
C00453,2,111.26,2,month-to-month,1
C00454,43,41.21,4,one-year,1
C00455,40,66.98,2,two-year,0
C00456,11,93.35,1,month-to-month,1
C00457,46,107.84,1,month-to-month,1
C00458,60,57.91,1,one-year,0
C00459,8,71.7,2,month-to-month,1
C00460,52,94.17,3,month-to-month,1
C00461,10,93.11,1,month-to-month,1
C00462,54,98.3,2,month-to-month,0
C00463,30,76.99,4,one-year,1
C00464,1,30.46,2,one-year,0
C00465,69,110.4,1,month-to-month,1
C00466,12,106.56,2,month-to-month,1
C00467,43,99.81,4,month-to-month,1
C00468,13,29.99,1,month-to-month,0
C00469,67,40.44,5,one-year,0
C00470,53,94.36,3,month-to-month,1
C00471,58,22.31,1,one-year,0
C00472,31,117.92,1,two-year,0
C00473,34,57.71,4,one-year,1
C00474,46,91.93,1,one-year,0
C00475,56,108.76,2,month-to-month,1
C00476,61,59.46,3,month-to-month,0
C00477,2,51.91,6,month-to-month,1
C00478,48,80.87,4,one-year,1
C00479,8,78.1,1,two-year,0
C00480,21,60.91,2,month-to-month,1
C00481,59,80.18,1,month-to-month,0
C00482,18,113.54,3,month-to-month,1
C00483,57,66.76,3,one-year,1
C00484,33,39.67,2,one-year,0
C00485,17,57.72,4,one-year,0
C00486,24,59.41,2,two-year,0
C00487,38,33.11,2,month-to-month,0
C00488,55,36.29,2,one-year,0
C00489,44,88.46,6,one-year,1
C00490,67,53.95,1,month-to-month,0
C00491,62,115.49,3,two-year,0
C00492,54,44.36,3,month-to-month,0
C00493,43,29.89,2,one-year,0
C00494,21,95.35,3,one-year,1
C00495,30,108.1,1,two-year,0
C00496,9,47.81,1,one-year,1
C00497,27,40.21,1,month-to-month,1
C00498,66,38.58,3,two-year,0
C00499,31,72.2,1,one-year,0
C00500,9,66.84,2,one-year,0
C00501,47,45.94,2,one-year,0
C00502,69,24.52,2,month-to-month,0
C00503,62,68.15,1,one-year,0
C00504,20,115.93,1,two-year,0
C00505,33,85.25,2,month-to-month,0
C00506,38,69.55,2,month-to-month,1
C00507,18,31.07,2,two-year,0
C00508,20,45.24,1,one-year,1
C00509,17,49.48,0,two-year,0
C00510,71,96.48,3,month-to-month,0
C00511,53,107.67,6,two-year,1
C00512,60,110.16,1,month-to-month,1
C00513,58,118.46,1,one-year,1
C00514,69,118.24,5,month-to-month,1
C00515,8,115.3,2,one-year,0
C00516,63,27.18,3,two-year,0
C00517,5,33.78,1,one-year,0
C00518,34,50.45,0,one-year,0
C00519,43,75.29,0,month-to-month,0
C00520,26,29.7,2,one-year,0
C00521,11,104.58,4,one-year,1
C00522,14,81.68,1,month-to-month,1
C00523,59,74.24,5,one-year,1
C00524,23,36.53,4,two-year,0
C00525,23,45.33,1,one-year,0
C00526,66,36.03,1,one-year,0
C00527,11,105.19,1,month-to-month,0
C00528,65,78.42,1,one-year,1
C00529,66,93.51,2,month-to-month,0
C00530,43,49.6,0,month-to-month,0
C00531,12,57.13,2,month-to-month,1
C00532,12,60.49,2,month-to-month,0
C00533,21,96.0,1,month-to-month,1
C00534,41,97.24,4,one-year,0
C00535,11,40.68,2,month-to-month,0
C00536,33,114.15,3,month-to-month,1
C00537,9,32.07,2,month-to-month,1
C00538,39,109.61,1,one-year,0
C00539,2,30.04,3,month-to-month,1
C00540,51,46.45,1,month-to-month,0
C00541,4,104.65,1,one-year,1
C00542,14,37.95,2,month-to-month,1
C00543,13,61.36,2,two-year,0
C00544,60,64.99,5,month-to-month,1
C00545,4,44.53,2,month-to-month,1
C00546,31,91.02,0,month-to-month,0
C00547,42,105.13,1,one-year,1
C00548,37,107.46,3,month-to-month,1
C00549,49,53.93,2,two-year,0
C00550,58,73.09,1,month-to-month,1
C00551,28,44.84,1,one-year,0
C00552,59,44.48,2,month-to-month,1
C00553,23,36.13,1,month-to-month,1
C00554,70,114.0,2,month-to-month,1
C00555,36,108.8,1,one-year,1
C00556,53,97.74,1,month-to-month,0
C00557,63,71.77,0,two-year,0
C00558,57,69.06,2,one-year,1
C00559,61,72.97,2,two-year,0
C00560,39,73.66,2,month-to-month,0
C00561,4,63.46,3,one-year,1
C00562,36,33.18,4,one-year,0
C00563,13,32.57,3,one-year,0
C00564,64,115.22,3,two-year,1
C00565,17,68.2,2,one-year,0
C00566,17,115.32,2,two-year,0
C00567,18,36.36,1,one-year,0
C00568,46,75.44,0,month-to-month,1
C00569,41,40.77,3,one-year,0
C00570,68,45.32,2,month-to-month,1
C00571,30,23.01,4,two-year,1
C00572,21,31.9,0,two-year,0
C00573,4,111.68,1,month-to-month,1
C00574,1,52.15,3,month-to-month,1
C00575,27,80.81,1,month-to-month,0
C00576,66,66.5,4,month-to-month,1
C00577,38,60.05,1,month-to-month,1
C00578,64,73.19,3,one-year,0
C00579,8,38.72,0,one-year,0
C00580,7,118.86,4,two-year,1
C00581,60,101.83,2,month-to-month,0
C00582,8,94.16,1,one-year,1
C00583,4,66.88,1,month-to-month,1
C00584,29,35.29,2,two-year,0
C00585,66,112.07,5,month-to-month,1
C00586,49,54.14,3,month-to-month,0
C00587,8,25.01,1,month-to-month,1
C00588,60,54.24,1,two-year,0
C00589,60,99.45,1,month-to-month,0
C00590,57,82.27,3,one-year,1
C00591,65,95.08,3,one-year,1
C00592,18,99.36,2,one-year,1
C00593,70,41.2,2,month-to-month,0
C00594,23,112.38,1,month-to-month,1
C00595,57,63.8,2,month-to-month,0
C00596,42,83.9,0,month-to-month,1
C00597,56,20.23,4,one-year,0
C00598,45,119.34,3,month-to-month,1
C00599,46,48.09,1,month-to-month,1
C00600,44,26.21,3,month-to-month,0
C00601,56,65.83,1,one-year,0
C00602,53,32.9,3,month-to-month,1
C00603,10,35.23,1,one-year,0
C00604,59,83.23,1,month-to-month,0
C00605,39,59.29,3,two-year,0
C00606,23,112.19,1,one-year,1
C00607,37,51.92,3,month-to-month,0
C00608,69,92.62,5,month-to-month,0
C00609,61,66.11,1,month-to-month,0
C00610,60,86.0,4,month-to-month,1
C00611,33,79.97,1,month-to-month,0
C00612,56,67.28,2,two-year,0
C00613,28,115.01,2,one-year,1
C00614,49,54.27,2,month-to-month,1
C00615,46,37.72,2,one-year,0
C00616,18,87.81,6,month-to-month,1
C00617,19,104.6,2,two-year,1
C00618,5,24.03,0,month-to-month,0
C00619,10,64.96,3,one-year,1
C00620,31,109.25,1,one-year,0
C00621,34,94.96,7,month-to-month,1
C00622,12,119.18,0,month-to-month,1
C00623,30,73.14,1,month-to-month,0
C00624,43,86.0,2,two-year,1
C00625,17,50.25,4,one-year,0
C00626,25,114.75,1,one-year,0
C00627,27,56.63,2,one-year,1
C00628,36,93.85,3,two-year,1
C00629,27,60.31,1,month-to-month,1
C00630,53,76.18,1,one-year,0
C00631,24,91.98,1,one-year,1
C00632,31,70.89,2,month-to-month,0
C00633,27,110.71,1,two-year,1
C00634,13,61.93,0,month-to-month,0
C00635,49,84.71,4,month-to-month,1
C00636,17,54.24,0,two-year,0
C00637,22,60.82,3,month-to-month,1
C00638,57,64.01,2,month-to-month,0
C00639,68,32.58,2,month-to-month,0
C00640,48,29.17,5,one-year,1
C00641,66,86.75,0,two-year,0
C00642,61,85.55,2,month-to-month,1
C00643,35,86.29,1,month-to-month,1
C00644,55,21.98,0,month-to-month,0
C00645,24,52.65,0,two-year,0
C00646,33,39.78,4,month-to-month,1
C00647,39,97.82,3,two-year,1
C00648,69,106.06,1,two-year,0
C00649,61,44.67,6,month-to-month,1
C00650,35,86.78,2,two-year,1
C00651,47,32.94,2,one-year,0
C00652,15,47.52,1,one-year,0
C00653,58,33.87,0,month-to-month,0
C00654,40,48.35,0,two-year,0
C00655,38,87.47,2,one-year,1
C00656,55,111.03,1,one-year,0
C00657,45,40.25,0,two-year,0
C00658,6,74.21,3,month-to-month,1
C00659,21,90.14,1,two-year,0
C00660,13,115.29,2,two-year,1
C00661,53,81.01,5,month-to-month,0
C00662,3,45.51,0,month-to-month,1
C00663,15,82.55,0,month-to-month,1
C00664,43,52.05,0,two-year,0
C00665,50,117.61,3,month-to-month,1
C00666,36,59.97,1,one-year,0
C00667,62,88.54,1,month-to-month,1
C00668,66,22.32,1,month-to-month,0
C00669,10,60.01,3,one-year,1
C00670,68,107.51,1,month-to-month,1
C00671,44,81.02,1,two-year,0
C00672,46,64.39,3,month-to-month,1
C00673,7,113.59,1,two-year,0
C00674,45,105.4,1,month-to-month,1
C00675,52,52.22,2,two-year,0
C00676,42,74.45,4,one-year,1
C00677,6,68.98,0,month-to-month,1
C00678,38,83.22,4,month-to-month,1
C00679,67,53.41,3,month-to-month,1
C00680,52,44.42,0,one-year,0
C00681,10,111.27,1,two-year,0
C00682,69,112.39,2,month-to-month,0
C00683,69,104.33,0,month-to-month,0
C00684,13,117.82,1,one-year,0
C00685,57,94.5,2,one-year,0
C00686,29,96.47,3,one-year,0
C00687,43,96.26,6,month-to-month,1
C00688,32,68.06,2,one-year,1
C00689,56,65.65,1,two-year,1
C00690,71,44.02,1,month-to-month,0
C00691,57,84.48,1,month-to-month,0
C00692,67,48.93,2,month-to-month,0
C00693,68,45.78,2,one-year,0
C00694,7,78.6,3,month-to-month,1
C00695,18,61.0,3,two-year,0
C00696,52,41.89,2,one-year,0
C00697,42,101.61,2,one-year,1
C00698,4,106.06,0,one-year,0
C00699,7,36.77,0,month-to-month,0
C00700,37,20.75,1,two-year,0
C00701,44,53.61,4,month-to-month,1
C00702,12,99.75,0,one-year,0
C00703,13,103.92,1,two-year,0
C00704,10,33.83,0,one-year,0
C00705,41,97.43,1,two-year,1
C00706,1,31.57,4,month-to-month,1
C00707,41,59.01,3,two-year,0
C00708,34,119.86,2,one-year,1
C00709,34,39.26,1,one-year,0
C00710,49,35.4,3,month-to-month,0
C00711,38,62.28,3,month-to-month,1
C00712,52,81.97,0,one-year,1
C00713,55,113.29,4,month-to-month,1
C00714,66,118.08,1,one-year,0
C00715,57,26.96,0,two-year,0
C00716,37,33.8,0,two-year,0
C00717,35,99.07,2,month-to-month,1
C00718,17,47.06,3,two-year,1
C00719,43,108.48,1,month-to-month,1
C00720,10,86.35,2,month-to-month,1
C00721,67,31.18,3,two-year,0
C00722,60,103.25,2,month-to-month,1
C00723,9,37.64,2,month-to-month,1
C00724,56,62.35,1,month-to-month,1
C00725,9,75.22,3,one-year,1
C00726,52,70.08,3,two-year,0
C00727,7,88.62,4,month-to-month,1
C00728,35,85.27,1,month-to-month,0
C00729,47,119.2,1,one-year,0
C00730,52,119.94,2,month-to-month,0
C00731,30,71.65,0,one-year,0
C00732,66,29.52,2,two-year,0
C00733,55,92.78,6,one-year,0
C00734,15,117.67,1,two-year,1
C00735,48,51.83,1,one-year,0
C00736,52,66.12,1,two-year,0
C00737,24,62.48,1,month-to-month,0
C00738,53,25.14,2,month-to-month,1
C00739,64,87.23,4,one-year,0
C00740,59,55.33,1,month-to-month,1
C00741,55,98.75,0,two-year,1
C00742,46,103.21,6,one-year,1
C00743,20,102.12,0,two-year,1
C00744,57,61.67,2,month-to-month,0
C00745,26,52.15,0,month-to-month,0
C00746,38,94.88,2,one-year,1
C00747,23,100.14,0,month-to-month,0
C00748,23,69.13,2,one-year,0
C00749,12,109.3,4,one-year,1
C00750,69,34.39,1,two-year,0
C00751,11,107.91,0,one-year,0
C00752,7,29.61,4,month-to-month,1
C00753,67,35.35,3,month-to-month,0
C00754,40,73.38,3,one-year,0
C00755,32,26.75,1,month-to-month,1
C00756,53,25.28,3,month-to-month,1
C00757,28,20.05,2,month-to-month,0
C00758,10,63.63,5,month-to-month,1
C00759,52,97.46,5,one-year,0
C00760,13,23.48,1,month-to-month,1
C00761,40,85.23,1,one-year,1
C00762,68,102.31,2,month-to-month,1
C00763,67,36.8,5,one-year,1
C00764,26,34.69,1,month-to-month,1
C00765,56,106.08,3,two-year,0
C00766,44,102.31,4,month-to-month,1
C00767,35,73.89,5,one-year,0
C00768,10,101.92,4,month-to-month,1
C00769,27,29.28,2,month-to-month,1
C00770,47,59.45,0,month-to-month,0
C00771,71,93.78,1,two-year,1
C00772,1,45.75,1,two-year,0
C00773,51,95.23,0,month-to-month,1
C00774,61,70.42,1,month-to-month,0
C00775,68,95.03,2,one-year,0
C00776,31,66.47,1,one-year,0
C00777,9,56.79,3,month-to-month,1
C00778,20,41.92,1,one-year,0
C00779,61,40.84,3,one-year,1
C00780,63,95.15,4,one-year,0
C00781,46,31.89,2,month-to-month,0
C00782,9,28.6,4,month-to-month,0
C00783,9,37.63,3,month-to-month,1
C00784,34,37.53,3,one-year,0
C00785,42,102.31,1,month-to-month,0
C00786,3,59.85,2,one-year,0
C00787,49,119.04,2,one-year,1
C00788,39,33.72,1,one-year,0
C00789,1,85.35,5,month-to-month,1
C00790,7,64.87,3,month-to-month,1
C00791,33,59.29,3,month-to-month,1
C00792,52,107.51,0,one-year,1
C00793,59,117.56,5,two-year,1
C00794,31,107.29,0,month-to-month,0
C00795,21,39.23,1,two-year,1
C00796,69,42.08,1,month-to-month,1
C00797,33,85.61,1,month-to-month,1
C00798,23,48.91,1,month-to-month,1
C00799,32,93.47,2,one-year,0
