applicant_name,email,phone,aadhaar_no,pan_code,annual_income_lakh,loan_amount_lakh,approved
Meera Khan,meera.khan0@example.com,+91 7702684377,2110 9429 3075,UVOQM6615J,7.0,17.8,1
Aarav Reddy,aarav.reddy1@example.com,+91 8263159759,4399 4856 3368,DYSSH7936N,7.5,26.2,0
Vivaan Reddy,vivaan.reddy2@example.com,+91 6605183034,6711 9954 8696,BYZWM3098A,17.9,72.7,0
Aarav Nair,aarav.nair3@example.com,+91 8785202746,5775 2178 8767,TXCRA7988A,12.8,28.1,1
Rohan Das,rohan.das4@example.com,+91 8632651891,3310 9198 4558,ZEKSW4269Z,15.5,40.7,1
Meera Das,meera.das5@example.com,+91 8709817923,5665 4929 5100,AMZHN5000K,11.0,33.9,1
Rohan Reddy,rohan.reddy6@example.com,+91 6875510105,2484 5975 4626,TNSNZ5231U,28.7,72.0,0
Isha Khan,isha.khan7@example.com,+91 7511006416,8628 5294 9680,PUXFH3713M,10.5,60.2,0
Isha Sharma,isha.sharma8@example.com,+91 7835633485,3669 3954 1330,MAXWP3752V,17.4,54.9,1
Vivaan Patel,vivaan.patel9@example.com,+91 6407370429,7646 1661 3568,HHZYP2522D,26.0,104.1,0
Kabir Khan,kabir.khan10@example.com,+91 8724071722,9194 6497 6028,ZGRJM9873P,20.8,124.5,0
Ananya Gupta,ananya.gupta11@example.com,+91 7205459713,8242 7942 8977,LKFOO1854K,11.4,48.6,0
Kabir Joshi,kabir.joshi12@example.com,+91 8674699207,6986 5037 2175,QBZWQ1141N,17.7,64.5,1
Meera Iyer,meera.iyer13@example.com,+91 9102672809,4327 7346 3280,XAUVB3073S,4.8,27.5,1
Kabir Sharma,kabir.sharma14@example.com,+91 6447851299,7038 2200 1543,XUNPN6198U,17.5,50.6,0
Meera Sharma,meera.sharma15@example.com,+91 8103209690,4283 3068 8846,BFBUS1477C,14.4,39.1,1
Ananya Nair,ananya.nair16@example.com,+91 6477016790,4404 4768 4631,GGNMJ2477Q,23.3,96.5,1
Meera Patel,meera.patel17@example.com,+91 7739489889,3855 9258 7651,UQUXV6863B,25.8,95.7,0
Kabir Patel,kabir.patel18@example.com,+91 6252516483,2429 2940 1728,ILSWQ4268U,8.0,41.5,1
Aarav Iyer,aarav.iyer19@example.com,+91 7987966452,3306 6908 9422,SUPQJ4598H,4.7,10.2,1
Priya Reddy,priya.reddy20@example.com,+91 8998670483,5334 1734 1426,GQJDA8740L,13.2,59.0,0
Meera Das,meera.das21@example.com,+91 6747863127,4731 3381 6190,OXCYS6760L,17.2,83.3,0
Rohan Iyer,rohan.iyer22@example.com,+91 6650671168,2064 3072 6001,SFHYH7476Y,12.9,76.0,0
Rohan Patel,rohan.patel23@example.com,+91 7799306256,3528 4281 2996,PHWVO2034L,19.8,51.1,1
Kabir Nair,kabir.nair24@example.com,+91 6532684253,1463 4106 3967,LEKDS4887S,16.4,49.0,0
Rohan Iyer,rohan.iyer25@example.com,+91 8131755599,9085 9033 4883,LSTEL7749P,28.3,162.2,0
Meera Das,meera.das26@example.com,+91 7738456237,3591 4760 6470,FVFZS3902F,13.8,62.4,0
Diya Sharma,diya.sharma27@example.com,+91 9986142250,4478 7804 9676,XNUVB7153I,4.8,10.3,1
Arjun Das,arjun.das28@example.com,+91 8529814688,4629 2055 2087,XFARO5997G,10.8,24.9,1
Kabir Reddy,kabir.reddy29@example.com,+91 7457516709,8846 4744 3944,MZTZI8830J,19.2,98.7,0
Vivaan Iyer,vivaan.iyer30@example.com,+91 7451420744,6573 9607 4821,YWEZP7986P,9.5,40.6,1
Isha Reddy,isha.reddy31@example.com,+91 6749259993,3836 8763 1745,FZCVF8070K,9.9,42.2,1
Priya Joshi,priya.joshi32@example.com,+91 8440563950,8597 5679 1181,GGIXU7035Q,11.8,65.1,0
Diya Reddy,diya.reddy33@example.com,+91 8946975711,3050 7112 7776,KXHYJ4072M,23.0,68.2,0
Diya Joshi,diya.joshi34@example.com,+91 9810692607,2760 6915 9902,TSTCE8638Z,28.4,75.0,1
Priya Joshi,priya.joshi35@example.com,+91 8124882322,7177 7321 2741,DXGZZ6731E,12.1,53.9,0
Meera Iyer,meera.iyer36@example.com,+91 8836693992,6736 7376 1995,UCIQB4537U,7.9,43.7,0
Aarav Gupta,aarav.gupta37@example.com,+91 9795571679,3801 8942 9987,CJARC3528N,14.1,43.2,1
Priya Gupta,priya.gupta38@example.com,+91 9564844354,2558 7585 5514,FGVUC8716M,12.2,57.6,0
Aarav Joshi,aarav.joshi39@example.com,+91 6547135656,6313 5597 8803,DXIID8975H,29.7,77.5,1
Ananya Das,ananya.das40@example.com,+91 7851974212,5005 6303 7022,PGXUN4108R,15.3,41.1,1
Meera Khan,meera.khan41@example.com,+91 9482306759,5974 8915 3135,MYRAV2735H,21.2,118.8,0
Kabir Sharma,kabir.sharma42@example.com,+91 7243516108,9531 7102 9639,LFYZE3881J,27.6,68.2,1
Kabir Singh,kabir.singh43@example.com,+91 6381608949,4371 5309 1387,RPRAN2898F,19.8,41.5,0
Meera Sharma,meera.sharma44@example.com,+91 6338682162,9314 8343 3666,UDAMT5597E,9.4,47.9,0
Diya Sharma,diya.sharma45@example.com,+91 9712953125,1466 7270 7050,UJSFX3551Z,19.2,66.2,1
Meera Reddy,meera.reddy46@example.com,+91 8260986014,5748 2410 9264,JSNBC4645F,13.6,48.8,1
Priya Iyer,priya.iyer47@example.com,+91 9680295191,4892 7520 8730,PDPFE4303P,14.1,73.3,0
Kabir Singh,kabir.singh48@example.com,+91 8519370251,5934 1849 8988,KJIIK8505P,29.4,80.0,1
Ananya Nair,ananya.nair49@example.com,+91 8855694835,7003 9048 6512,KTNYO2943O,10.2,46.9,0
Diya Patel,diya.patel50@example.com,+91 8536498868,9166 8806 2940,UFFPW4011N,15.4,50.1,0
Vivaan Gupta,vivaan.gupta51@example.com,+91 8393617283,2554 2441 8197,RRDKZ8995U,6.9,16.7,1
Priya Nair,priya.nair52@example.com,+91 9646112250,3163 5050 8090,AKBHW4489E,7.4,35.1,0
Arjun Khan,arjun.khan53@example.com,+91 6970257711,4857 1556 4255,STRVS6711X,19.1,62.5,1
Rohan Patel,rohan.patel54@example.com,+91 8447341336,1851 4469 7629,ILORM4973E,23.2,126.8,0
Meera Gupta,meera.gupta55@example.com,+91 6924206672,5679 7073 1961,QDMKU5288A,20.0,113.5,0
Isha Das,isha.das56@example.com,+91 9140066737,7750 4825 3582,NFJHE9507G,11.6,62.6,0
Meera Joshi,meera.joshi57@example.com,+91 8203156370,6867 2213 5483,NVJYK9520L,4.1,13.5,1
Isha Das,isha.das58@example.com,+91 7611216125,4799 2492 9568,AWWZD8596I,15.4,45.4,1
Vivaan Sharma,vivaan.sharma59@example.com,+91 6623349511,4267 1366 4986,VZFJG3741P,16.4,91.4,0
Priya Nair,priya.nair60@example.com,+91 9239664607,9698 7019 6730,KRRFB7715E,23.7,90.3,0
Isha Reddy,isha.reddy61@example.com,+91 9300130687,9105 1755 5952,FPGEH5703V,20.1,97.1,0
Priya Singh,priya.singh62@example.com,+91 6501779133,3887 7086 8673,ZTXNK8376H,26.5,140.7,0
Aarav Gupta,aarav.gupta63@example.com,+91 7266075317,1694 2423 9589,VZKQU8050F,24.0,74.7,1
Meera Patel,meera.patel64@example.com,+91 7881971332,5427 3836 2370,ZNBDS4840C,12.6,31.2,1
Ananya Iyer,ananya.iyer65@example.com,+91 8755052944,4188 1044 3005,NPCJM8022Q,19.9,89.5,0
Kabir Reddy,kabir.reddy66@example.com,+91 6168245899,2646 1761 9720,CPXBZ1857Q,23.1,100.7,0
Isha Reddy,isha.reddy67@example.com,+91 7796980074,8109 9462 3164,JTVWW8345I,28.8,88.7,0
Ananya Khan,ananya.khan68@example.com,+91 9191571866,3595 3543 6026,MSEPN9849B,14.1,61.2,0
Aarav Nair,aarav.nair69@example.com,+91 7456856981,2635 3119 9772,CAOOP3178H,20.3,104.8,1
Kabir Singh,kabir.singh70@example.com,+91 8536300655,4169 8028 3060,KBTBR5082Z,13.3,45.2,1
Diya Gupta,diya.gupta71@example.com,+91 9659732971,9368 7243 8754,SMSDE5490W,22.8,67.7,0
Arjun Sharma,arjun.sharma72@example.com,+91 8333428060,5646 9155 4263,VJHZO2063F,27.6,135.2,1
Rohan Iyer,rohan.iyer73@example.com,+91 9324821888,5310 1554 2534,VXXAV2007V,27.8,143.0,0
Rohan Iyer,rohan.iyer74@example.com,+91 9990418468,7940 3941 1917,WJFSB6213I,6.8,39.6,0
Isha Patel,isha.patel75@example.com,+91 8882092807,3631 4174 7453,LVZKH8509K,8.1,21.0,1
Arjun Singh,arjun.singh76@example.com,+91 8763979405,1814 1231 7516,FXZHE2373P,23.3,129.5,0
Vivaan Joshi,vivaan.joshi77@example.com,+91 6223430084,2278 4776 7145,IQTAW1262C,19.9,100.7,0
Diya Sharma,diya.sharma78@example.com,+91 6852379454,5626 2110 7498,SQZOK7018T,27.4,131.7,0
Ananya Nair,ananya.nair79@example.com,+91 6105701734,1434 3090 1982,RJYHJ3499H,11.1,36.1,0
Arjun Das,arjun.das80@example.com,+91 9350881164,5612 7215 6848,FPSLX5263M,25.8,53.9,0
Arjun Reddy,arjun.reddy81@example.com,+91 9964470871,2253 4089 2316,BXDEY5675B,21.3,85.8,0
Arjun Das,arjun.das82@example.com,+91 8934048238,4083 3072 7662,LPATR1106Q,7.9,24.8,1
Vivaan Patel,vivaan.patel83@example.com,+91 9231923892,7757 8364 2802,FTJFN4986I,6.0,19.0,1
Diya Sharma,diya.sharma84@example.com,+91 7603235395,1121 1318 8590,WQMFO1229X,21.8,124.4,0
Diya Joshi,diya.joshi85@example.com,+91 9264899913,9151 2905 8885,ASISJ1235Y,6.9,18.0,0
Diya Das,diya.das86@example.com,+91 6375785743,5767 2663 3816,TBANY6199A,24.3,139.4,0
Meera Reddy,meera.reddy87@example.com,+91 7456391623,3387 7871 2696,SLQJA1165Q,17.8,71.5,0
Kabir Iyer,kabir.iyer88@example.com,+91 9150294170,2647 7475 3719,QICUD2695L,15.6,83.5,0
Diya Joshi,diya.joshi89@example.com,+91 6823252350,3249 8269 9382,SZQYQ8630E,10.1,31.7,0
Kabir Iyer,kabir.iyer90@example.com,+91 6174360040,5997 8447 8570,BRZTI5404C,29.6,134.3,0
Arjun Joshi,arjun.joshi91@example.com,+91 8232555426,6295 8466 1080,IREMH5416T,22.4,94.7,0
Isha Singh,isha.singh92@example.com,+91 6465504840,1317 8952 2263,XKVSX7660O,23.9,136.2,0
Ananya Gupta,ananya.gupta93@example.com,+91 8574623659,7549 4780 8090,RIRSP1926N,23.6,64.1,1
Diya Das,diya.das94@example.com,+91 8121263222,6986 1646 4031,SFUVO9677W,18.6,52.4,1
Arjun Das,arjun.das95@example.com,+91 7363810681,7376 9293 8240,MWYCZ1044M,28.3,164.0,0
Priya Nair,priya.nair96@example.com,+91 8306171341,9025 9608 9047,YSGQF3135X,18.6,44.5,1
Vivaan Gupta,vivaan.gupta97@example.com,+91 8694677419,6223 4024 5571,BZLBU1434I,16.8,76.3,0
Isha Sharma,isha.sharma98@example.com,+91 7491247597,8160 4828 8476,GUKRB7259S,10.0,22.4,1
Meera Patel,meera.patel99@example.com,+91 8371417116,7310 2883 9286,HWMRE9394G,10.2,23.5,1
Isha Das,isha.das100@example.com,+91 6732397603,8615 6397 2746,QCBDY2894W,22.8,100.1,0
Arjun Nair,arjun.nair101@example.com,+91 8191297143,3045 8554 1158,PCLMG6436W,11.7,49.2,0
Priya Nair,priya.nair102@example.com,+91 8164477388,5352 6571 3092,WNXYC6714U,22.5,96.6,0
Ananya Khan,ananya.khan103@example.com,+91 8769855383,8780 5700 1593,APXGW9404Q,28.7,111.8,0
Meera Sharma,meera.sharma104@example.com,+91 6754001161,3881 4577 3005,QNKLN5339V,14.6,72.6,0
Ananya Sharma,ananya.sharma105@example.com,+91 6338501202,9459 4244 5514,TJNFE4319B,5.2,31.0,0
Priya Nair,priya.nair106@example.com,+91 8419542040,5816 2985 6110,WDIGF4309S,20.8,64.5,1
Aarav Khan,aarav.khan107@example.com,+91 9988216846,4182 1092 4672,XEGMI8199F,2.8,9.2,1
Rohan Nair,rohan.nair108@example.com,+91 6264832359,6254 2055 8013,KOJQU5788L,24.1,79.3,0
Diya Patel,diya.patel109@example.com,+91 8487034527,6946 3789 6328,YZZAV9087U,17.0,85.9,0
Aarav Iyer,aarav.iyer110@example.com,+91 8279779999,3732 6828 2385,TJSPV4162T,16.0,54.3,1
Rohan Joshi,rohan.joshi111@example.com,+91 8655536338,6496 1495 1150,UVEWF9432B,18.2,85.7,0
Rohan Patel,rohan.patel112@example.com,+91 8380857313,3288 2569 5415,FPORK1030Q,16.7,63.2,0
Kabir Sharma,kabir.sharma113@example.com,+91 8935516499,2489 3199 1881,NNJXU2630B,11.4,50.5,0
Ananya Das,ananya.das114@example.com,+91 8939241756,8981 7618 2958,EBSQM6324V,10.2,54.2,0
Diya Khan,diya.khan115@example.com,+91 7140358431,2081 8651 7013,VLPOY7852I,13.9,56.4,0
Rohan Joshi,rohan.joshi116@example.com,+91 9514409768,8971 2605 4228,XKTZV1967F,27.1,105.7,0
Diya Joshi,diya.joshi117@example.com,+91 6381602202,2064 4809 2462,UDAGM2155D,6.2,19.0,0
Kabir Nair,kabir.nair118@example.com,+91 6715987036,1037 5575 9810,IPOUZ1297R,11.4,46.3,1
Vivaan Sharma,vivaan.sharma119@example.com,+91 8396680596,6808 7811 8306,EJISG9050J,7.8,23.8,0
Isha Iyer,isha.iyer120@example.com,+91 6170681752,9749 2156 3256,VYNCS4809I,14.2,76.3,0
Ananya Singh,ananya.singh121@example.com,+91 9196562967,6545 8388 7963,LHHZH5127S,6.2,22.0,0
Ananya Iyer,ananya.iyer122@example.com,+91 8882969916,7547 3811 4283,FQXVA4645A,23.4,58.9,1
Isha Joshi,isha.joshi123@example.com,+91 6950428986,1717 3824 2403,PIXEW4080X,5.3,15.7,1
Arjun Das,arjun.das124@example.com,+91 8326835893,9442 1823 4270,FGJZT8346O,20.8,86.1,0
Vivaan Patel,vivaan.patel125@example.com,+91 9477951793,8984 9601 4389,UQRVZ6181L,9.9,56.1,0
Kabir Khan,kabir.khan126@example.com,+91 8214214986,5188 5709 8399,QTZSY7588Y,15.5,49.6,1
Vivaan Das,vivaan.das127@example.com,+91 6796084643,7917 5716 4343,TXEZJ8177K,8.0,24.5,1
Meera Sharma,meera.sharma128@example.com,+91 9109837518,4351 6841 8516,LTOSC8499K,22.6,82.0,0
Arjun Gupta,arjun.gupta129@example.com,+91 6646777901,1690 7918 5327,UHPPD5267Q,28.6,167.9,0
Ananya Nair,ananya.nair130@example.com,+91 9706868200,2306 1868 4033,VXJQE9059W,8.6,46.3,0
Diya Patel,diya.patel131@example.com,+91 8449776558,3234 1936 3639,ZMJTS2908O,28.7,74.6,1
Meera Gupta,meera.gupta132@example.com,+91 6789322786,8502 7457 2881,QLJGK3212H,11.4,50.8,1
Vivaan Das,vivaan.das133@example.com,+91 9498968718,7066 5064 7722,EJQJD8209L,17.8,92.0,0
Diya Nair,diya.nair134@example.com,+91 8311545829,3225 1555 3815,PNNLT8693X,21.8,110.6,0
Aarav Khan,aarav.khan135@example.com,+91 7317759567,9944 6001 1489,LICLZ3342V,8.0,31.6,1
Rohan Joshi,rohan.joshi136@example.com,+91 7220640737,9777 8430 5892,TROTC2153F,14.7,72.4,0
Priya Joshi,priya.joshi137@example.com,+91 8322776203,7661 2662 6325,TLFBM4587E,4.4,19.1,0
Diya Iyer,diya.iyer138@example.com,+91 8565973003,9216 4949 1350,ATUGM3278K,21.7,60.9,1
Arjun Patel,arjun.patel139@example.com,+91 9299053153,7813 7570 7657,CYSXH8855N,14.0,31.1,1
Meera Nair,meera.nair140@example.com,+91 7667698644,6835 2234 2030,FIVUS3038Q,27.0,93.9,0
Kabir Reddy,kabir.reddy141@example.com,+91 6717708349,8132 8695 1706,YBICC9979G,10.0,22.5,1
Arjun Singh,arjun.singh142@example.com,+91 9707317424,6228 5504 4150,EBZMU3252Q,27.9,99.9,0
Diya Khan,diya.khan143@example.com,+91 6543700582,6805 9226 8394,XRNFG6371L,6.4,34.0,0
Aarav Gupta,aarav.gupta144@example.com,+91 8451920292,2377 5167 9420,BFLEO3705H,19.2,103.2,0
Vivaan Khan,vivaan.khan145@example.com,+91 7786140934,3131 8685 5415,CNEQY9209R,11.0,23.5,1
Priya Khan,priya.khan146@example.com,+91 9370008823,5691 3251 9272,UXRGN8712R,7.5,17.1,0
Kabir Joshi,kabir.joshi147@example.com,+91 7287247845,5757 6173 5162,JEDJU5972B,5.1,23.9,0
Vivaan Reddy,vivaan.reddy148@example.com,+91 7591246273,1803 8023 3956,XKKVJ6554X,20.5,82.0,0
Diya Joshi,diya.joshi149@example.com,+91 8340849771,3160 8037 2799,NPJXB3486Z,8.9,23.1,1
Aarav Sharma,aarav.sharma150@example.com,+91 6129909846,7144 5267 8198,MEKGN3123K,18.3,95.6,0
Vivaan Nair,vivaan.nair151@example.com,+91 6146418168,1454 7970 3063,XCTCL7014Y,29.4,84.3,1
Priya Joshi,priya.joshi152@example.com,+91 6975831260,8834 4182 1062,GBTXO1543N,11.2,25.9,1
Diya Gupta,diya.gupta153@example.com,+91 8509219544,5388 1492 3424,KLBIZ1412X,3.5,17.5,0
Priya Sharma,priya.sharma154@example.com,+91 9232355012,7449 6045 7378,NPYFZ3490J,6.4,28.4,1
Meera Singh,meera.singh155@example.com,+91 8836274888,8904 5211 5893,LPIUA6998R,5.8,20.8,0
Vivaan Singh,vivaan.singh156@example.com,+91 8335292306,1524 3581 7517,NPTXF5291O,15.2,72.5,0
Rohan Gupta,rohan.gupta157@example.com,+91 8996063814,1557 4232 2229,IZNPF4741Q,23.0,129.8,0
Meera Khan,meera.khan158@example.com,+91 6606937748,8715 6050 6799,LUDDI3865V,10.7,22.9,0
Diya Singh,diya.singh159@example.com,+91 6309369293,7152 3018 1446,WMNHN7357S,6.5,29.3,0
Isha Patel,isha.patel160@example.com,+91 9546404291,4579 2669 3897,ZPIBR8234O,20.1,57.7,0
Kabir Das,kabir.das161@example.com,+91 6401843144,3871 8037 3877,XIBQD1756S,10.8,42.1,0
Diya Iyer,diya.iyer162@example.com,+91 6801524785,2362 9624 1441,LPTJP5852P,18.3,67.6,0
Arjun Patel,arjun.patel163@example.com,+91 9195234296,2833 4125 1562,SJNPD2904C,28.2,100.4,0
Isha Singh,isha.singh164@example.com,+91 6871302444,9093 4176 8039,FLYXT6019F,10.5,29.0,1
Meera Gupta,meera.gupta165@example.com,+91 9790603203,2209 5694 2139,JTXZK5379N,16.6,86.5,1
Diya Joshi,diya.joshi166@example.com,+91 8875227422,3084 4666 8763,BDBTF7302J,24.7,86.9,1
Rohan Khan,rohan.khan167@example.com,+91 7905494370,3757 7792 1825,UDIFL6057E,21.5,119.3,0
Priya Khan,priya.khan168@example.com,+91 9306800040,3263 6438 5213,RZBCY6840X,23.2,79.3,1
Kabir Iyer,kabir.iyer169@example.com,+91 6568905225,5514 7103 1693,SSENJ8501B,23.7,127.0,0
Ananya Iyer,ananya.iyer170@example.com,+91 9439649174,7258 8763 7894,AOZZP4868H,17.3,72.3,0
Kabir Singh,kabir.singh171@example.com,+91 9154366818,3562 4158 9651,ZEDNK5461X,17.2,60.9,0
Priya Das,priya.das172@example.com,+91 8362470920,8109 9382 9220,HWFIA7106W,22.3,107.4,0
Rohan Nair,rohan.nair173@example.com,+91 6767640347,4906 2164 3056,XETDQ7320D,21.7,111.7,0
Ananya Iyer,ananya.iyer174@example.com,+91 9173152891,3647 8512 3485,CBSPD5501U,20.9,82.2,0
Aarav Reddy,aarav.reddy175@example.com,+91 7281056513,4251 8660 2471,GPHGK4169M,13.0,48.1,0
Isha Sharma,isha.sharma176@example.com,+91 8802619276,6971 5963 9859,FKQKR2041D,25.3,109.0,0
Diya Nair,diya.nair177@example.com,+91 9419433487,5404 5690 8649,WMPTD9749L,9.0,39.1,0
Arjun Iyer,arjun.iyer178@example.com,+91 7378852139,9924 7562 7282,XKKPE6479Z,6.8,25.2,1
Rohan Khan,rohan.khan179@example.com,+91 9500570670,8884 9816 7611,QBSAC3560H,12.0,60.4,0
Isha Iyer,isha.iyer180@example.com,+91 6952854734,3631 6778 3125,AAULF4864S,9.5,34.2,1
Vivaan Iyer,vivaan.iyer181@example.com,+91 6935358667,5501 4999 9886,THEYQ9845H,20.7,78.9,0
Diya Das,diya.das182@example.com,+91 6584321295,5988 9631 8272,CJISS1643P,8.9,39.3,0
Vivaan Das,vivaan.das183@example.com,+91 7718116998,8638 2523 7977,IPKNS3640F,20.6,122.5,0
Vivaan Joshi,vivaan.joshi184@example.com,+91 7430608211,3263 6197 5374,SYLZE8369Z,16.6,50.5,0
Kabir Patel,kabir.patel185@example.com,+91 7973759190,3337 9862 8878,HDRWC6765W,6.7,19.6,1
Meera Khan,meera.khan186@example.com,+91 6297749320,6167 1097 2649,ANCEM3946C,9.6,26.0,1
Kabir Sharma,kabir.sharma187@example.com,+91 6764784814,3046 9746 4633,UFWEN7542M,16.8,79.9,0
Vivaan Singh,vivaan.singh188@example.com,+91 8647884288,1420 6274 9552,KTAVR7882K,22.7,86.2,0
Rohan Das,rohan.das189@example.com,+91 6811522706,6047 4995 2582,JOQYW1484D,13.5,48.0,0
Meera Iyer,meera.iyer190@example.com,+91 9950507501,8908 1943 9400,YKPBC4679S,8.9,25.1,1
Ananya Singh,ananya.singh191@example.com,+91 9336859660,3000 2243 4138,UXFFO5921A,10.6,59.0,0
Aarav Iyer,aarav.iyer192@example.com,+91 8462381613,1044 1126 2678,LXEVL5719Q,5.1,19.2,1
Arjun Reddy,arjun.reddy193@example.com,+91 8691316675,7231 8329 3229,SQCHV1361S,3.2,14.2,0
Ananya Iyer,ananya.iyer194@example.com,+91 9928764821,6800 4162 4896,NDDZA1202A,29.3,71.8,0
Aarav Sharma,aarav.sharma195@example.com,+91 9206990723,4013 9022 5605,QYEUS3067B,5.2,12.6,0
Diya Singh,diya.singh196@example.com,+91 9836448165,5555 8737 6914,MCCMV9945Q,5.9,13.4,1
Diya Nair,diya.nair197@example.com,+91 7640071470,2344 2698 4066,HIPEN7919V,26.5,91.9,0
Rohan Nair,rohan.nair198@example.com,+91 8807746413,1880 7227 5457,BHGOE9554X,20.7,80.6,0
Ananya Singh,ananya.singh199@example.com,+91 9192194762,1398 4603 8468,IKLBX8013I,14.5,43.2,1
Ananya Nair,ananya.nair200@example.com,+91 6321845614,9162 9655 9302,OJFHC8284R,20.3,69.0,0
Arjun Iyer,arjun.iyer201@example.com,+91 8864274737,6468 9343 9607,YAQOQ9906K,28.2,57.1,1
Kabir Patel,kabir.patel202@example.com,+91 8222296655,6716 4717 9693,DAMED2326H,5.2,17.7,1
Rohan Gupta,rohan.gupta203@example.com,+91 8521364536,4734 2497 1956,DMRHD6151C,9.2,22.8,1
Meera Joshi,meera.joshi204@example.com,+91 7794491380,6106 1318 2067,TJKGH2312O,26.2,65.9,1
Isha Joshi,isha.joshi205@example.com,+91 7656803374,3200 5767 5302,DRGON6700T,24.0,48.4,1
Meera Nair,meera.nair206@example.com,+91 6443407722,5600 5568 9946,OWGTI6653M,29.8,142.6,0
Priya Reddy,priya.reddy207@example.com,+91 8661072352,2957 5265 6514,XHNEQ1332K,11.1,63.5,0
Arjun Patel,arjun.patel208@example.com,+91 9361311395,3465 2630 1419,AIMIK2334S,28.5,127.9,0
Vivaan Singh,vivaan.singh209@example.com,+91 9834946395,3935 3287 2761,ULBBR9359W,12.0,28.6,0
Vivaan Patel,vivaan.patel210@example.com,+91 7226075654,3441 7269 8446,KMEBT4855M,22.2,132.3,0
Priya Khan,priya.khan211@example.com,+91 7692029748,5648 1598 7624,IIZVR4501S,26.8,158.2,0
Aarav Gupta,aarav.gupta212@example.com,+91 9651044944,2367 1515 6115,INDSB7502P,7.2,27.9,1
Diya Gupta,diya.gupta213@example.com,+91 8191522636,4827 3806 9701,BNFMA7495N,8.2,19.9,1
Vivaan Das,vivaan.das214@example.com,+91 8908994150,1820 1482 6286,JWQPD5501S,18.5,90.3,1
Rohan Joshi,rohan.joshi215@example.com,+91 6980864872,4764 8213 1363,YPERB3816X,25.7,150.2,0
Aarav Nair,aarav.nair216@example.com,+91 9663604682,4773 2319 1370,UXJRS3213Y,4.7,24.0,0
Meera Iyer,meera.iyer217@example.com,+91 8439193511,5162 7612 2417,ZCTLR5989F,25.9,116.5,0
Kabir Iyer,kabir.iyer218@example.com,+91 6926909177,8579 5668 5323,CNVVH8741J,11.9,52.9,0
Priya Joshi,priya.joshi219@example.com,+91 6339390186,9303 3962 2803,OINNS5246N,13.7,81.0,0
Priya Khan,priya.khan220@example.com,+91 9976301269,8075 1964 8847,QKNCW2134W,11.8,27.1,0
Meera Iyer,meera.iyer221@example.com,+91 7579934797,8426 9791 5141,TYAFB4757X,27.6,71.7,1
Vivaan Das,vivaan.das222@example.com,+91 7482699721,6599 8942 2184,TSWAU3808R,6.1,32.5,0
Kabir Reddy,kabir.reddy223@example.com,+91 9358395494,3754 5246 6647,TRKPM6654L,18.3,47.2,0
Isha Sharma,isha.sharma224@example.com,+91 9685377882,7111 9308 5403,KFKSW1926E,6.6,23.3,0
Ananya Singh,ananya.singh225@example.com,+91 9650887389,2545 2708 8205,NSEIB1473D,28.0,87.5,0
Kabir Das,kabir.das226@example.com,+91 9540976952,5148 6683 6065,SWMEX3505E,24.4,72.6,1
Kabir Patel,kabir.patel227@example.com,+91 7331739040,8315 2965 2536,DJTKL4062Y,8.9,18.7,1
Meera Reddy,meera.reddy228@example.com,+91 6133922273,7601 4906 8341,RRLNX6909V,10.7,45.6,1
Isha Joshi,isha.joshi229@example.com,+91 7988965966,2159 3446 9639,BWYRY6109H,13.0,46.9,0
Diya Das,diya.das230@example.com,+91 9721199609,8592 1564 8350,PQDFH5926D,13.6,57.2,1
Aarav Das,aarav.das231@example.com,+91 7568330366,1589 2082 9082,UCYRI4352S,25.0,80.5,1
Rohan Sharma,rohan.sharma232@example.com,+91 9101809671,2134 3706 2218,CSOFX6660E,18.0,103.8,0
Kabir Joshi,kabir.joshi233@example.com,+91 9883400879,6372 1514 3586,RKTMZ9344B,14.3,62.4,0
Aarav Singh,aarav.singh234@example.com,+91 9184919662,3936 6838 5468,KFLDN2389Q,22.3,130.3,0
Arjun Khan,arjun.khan235@example.com,+91 9652149451,2732 5178 5129,LZWPL7442R,15.1,51.3,1
Meera Gupta,meera.gupta236@example.com,+91 8261574191,4183 5800 3934,DJZIA8507Y,6.0,12.1,1
Isha Das,isha.das237@example.com,+91 7988876456,4002 8049 3265,RQJJX8721M,5.5,28.2,0
Priya Singh,priya.singh238@example.com,+91 7296361283,3960 2261 7282,IEAMO7071U,11.5,61.1,0
Arjun Nair,arjun.nair239@example.com,+91 9914047000,7354 7102 2514,JEVTN1352M,19.1,42.7,1
Priya Joshi,priya.joshi240@example.com,+91 9720275338,5063 3628 7872,QWNMJ4729A,6.2,27.9,0
Priya Das,priya.das241@example.com,+91 9727284857,4031 4743 5088,CTJWK9970E,17.6,81.7,1
Vivaan Gupta,vivaan.gupta242@example.com,+91 6564427526,7846 7322 8379,EPUDN3012T,9.9,25.6,1
Meera Iyer,meera.iyer243@example.com,+91 8842235700,4851 8375 8838,ORGHQ4175R,21.6,90.9,1
Priya Singh,priya.singh244@example.com,+91 8464165759,5714 7117 9185,EHCCG5404D,3.3,9.8,0
Ananya Reddy,ananya.reddy245@example.com,+91 6595992700,8545 3487 7446,CWNSS1914Q,15.4,31.8,0
Aarav Reddy,aarav.reddy246@example.com,+91 7897530577,5013 2337 4345,WLWYO1915Q,3.9,21.3,0
Priya Nair,priya.nair247@example.com,+91 9921563793,9800 9620 8078,WPUNK9509D,11.6,46.0,1
Ananya Iyer,ananya.iyer248@example.com,+91 9460079348,9912 6153 7817,LERXZ3103S,2.9,14.9,0
Diya Singh,diya.singh249@example.com,+91 7647254901,2486 3688 2553,WVNEM7983Q,15.4,75.3,0
Priya Patel,priya.patel250@example.com,+91 7736418051,9437 6528 9392,KFQLM9445A,23.6,141.0,0
Kabir Gupta,kabir.gupta251@example.com,+91 7297894372,4745 4630 7082,GXXHZ2904B,5.3,19.9,1
Arjun Reddy,arjun.reddy252@example.com,+91 7917064460,6110 4351 3857,HNAEU6594P,22.7,84.2,0
Arjun Das,arjun.das253@example.com,+91 8162147387,5615 1679 2691,ZFXJY8047F,18.6,58.2,1
Vivaan Nair,vivaan.nair254@example.com,+91 7897481136,1393 2396 2787,FONGG9093T,16.4,73.8,1
Isha Iyer,isha.iyer255@example.com,+91 7406582292,1680 1499 8375,ESELA6842E,19.0,74.9,0
Vivaan Iyer,vivaan.iyer256@example.com,+91 6225589299,2643 5997 1886,GEECO8808H,11.7,57.5,0
Kabir Patel,kabir.patel257@example.com,+91 7740315003,9523 3150 7744,UOGBU1206K,22.0,75.4,1
Ananya Nair,ananya.nair258@example.com,+91 9299474202,6770 7918 6661,AUZII6081N,23.9,60.3,0
Priya Joshi,priya.joshi259@example.com,+91 7206179318,5581 7948 8338,JJEGP7608T,23.9,130.2,0
Diya Nair,diya.nair260@example.com,+91 7998984519,4418 9477 9886,NTPJJ5667H,9.9,52.6,0
Rohan Reddy,rohan.reddy261@example.com,+91 7333924851,7494 9359 1950,TEBMB2724J,20.5,69.8,0
Meera Das,meera.das262@example.com,+91 7906443482,5862 6858 9348,AFOJX1843S,6.6,31.4,0
Priya Reddy,priya.reddy263@example.com,+91 8648267357,2083 8253 1694,PQRBU3981Q,16.1,63.9,0
Arjun Sharma,arjun.sharma264@example.com,+91 9743563149,4222 7235 3618,HKSYW7536O,2.6,13.1,1
Vivaan Patel,vivaan.patel265@example.com,+91 8604827019,8512 9373 2429,NZFYQ6544P,7.8,27.8,1
Kabir Patel,kabir.patel266@example.com,+91 8262730075,3322 1667 7390,VRCUS9234Y,19.9,82.4,0
Isha Patel,isha.patel267@example.com,+91 7862346413,8977 6414 2189,YBQYZ5943X,26.5,59.1,1
Kabir Nair,kabir.nair268@example.com,+91 6609345991,2563 1315 5409,WAXQO2606X,3.8,10.3,1
Arjun Reddy,arjun.reddy269@example.com,+91 7202655850,7488 2350 8628,HKHZM2026A,17.9,91.8,0
Aarav Nair,aarav.nair270@example.com,+91 9588736231,3273 5629 7008,ZGUAX6854F,20.0,70.5,1
Rohan Joshi,rohan.joshi271@example.com,+91 6918144225,5858 5300 4031,XHZPL1526G,28.1,60.1,1
Vivaan Khan,vivaan.khan272@example.com,+91 6822541933,4869 3145 3650,BWCCD9767Z,20.5,54.7,1
Vivaan Iyer,vivaan.iyer273@example.com,+91 8136896192,7796 8942 8642,SBNYC8141A,5.3,19.3,1
Aarav Nair,aarav.nair274@example.com,+91 8891348373,3978 3890 1524,UOXKU8583I,6.5,31.7,0
Kabir Sharma,kabir.sharma275@example.com,+91 6971709775,3464 6269 3409,QLLUF2076M,20.0,69.1,1
Rohan Iyer,rohan.iyer276@example.com,+91 9767940581,7600 1455 4706,VEIRM6450N,8.4,41.8,0
Kabir Iyer,kabir.iyer277@example.com,+91 7207922177,3529 5448 1230,VWLLH4993V,28.0,152.1,0
Rohan Singh,rohan.singh278@example.com,+91 7826638299,4768 8094 8711,NRKSS5752Y,27.8,93.5,0
Priya Singh,priya.singh279@example.com,+91 8682740137,3303 4858 7210,WEFYK3793U,28.6,148.8,0
Arjun Singh,arjun.singh280@example.com,+91 9404943685,5173 5888 4073,PDCVT4173W,10.6,26.6,1
Meera Das,meera.das281@example.com,+91 6895627495,8536 6682 9642,DWCQV6573U,22.2,81.3,0
Priya Khan,priya.khan282@example.com,+91 8609010018,8017 4305 3950,IHGDH3224T,20.7,49.5,1
Diya Singh,diya.singh283@example.com,+91 8867635136,1794 6601 7746,FETNF7352F,3.5,7.7,0
Kabir Singh,kabir.singh284@example.com,+91 9703102372,4187 1191 8429,UAPPJ7200J,9.8,22.1,1
Isha Iyer,isha.iyer285@example.com,+91 9359664492,3006 6239 1479,QFOTZ4242M,8.2,19.8,1
Diya Joshi,diya.joshi286@example.com,+91 8311467803,1564 9082 7051,MWZQV1757T,12.7,67.9,0
Isha Singh,isha.singh287@example.com,+91 8565079716,1047 1905 5434,VSPXQ8616E,28.7,119.8,0
Priya Khan,priya.khan288@example.com,+91 9463158664,7122 4815 8853,RLWWV2938M,25.8,149.4,0
Aarav Sharma,aarav.sharma289@example.com,+91 6222709782,6874 6527 3607,AZGQM9140V,10.6,44.0,1
Isha Reddy,isha.reddy290@example.com,+91 9717591591,7136 8862 1440,UQDXB5099J,17.1,77.2,0
Aarav Nair,aarav.nair291@example.com,+91 8487719277,7608 8916 4890,KZGPF9203T,7.8,21.4,1
Kabir Patel,kabir.patel292@example.com,+91 7941151258,7892 4221 2735,KCDGK8972D,10.1,42.0,0
Rohan Iyer,rohan.iyer293@example.com,+91 8968587450,8342 3799 7812,OJBQS9634N,4.3,15.2,0
Aarav Das,aarav.das294@example.com,+91 9790876768,3838 4590 7165,IWGRY1040Y,20.2,115.7,0
Ananya Singh,ananya.singh295@example.com,+91 8318245286,4072 8269 1349,FMGDS5339N,20.6,118.2,0
Vivaan Singh,vivaan.singh296@example.com,+91 8744381711,1105 1735 3306,MTZNE3946M,25.6,71.5,1
Aarav Nair,aarav.nair297@example.com,+91 8118379575,1485 4426 1219,CFFZK8910O,26.5,118.7,0
Isha Iyer,isha.iyer298@example.com,+91 9843760451,7805 2375 9747,NYRGH6994A,6.9,31.4,0
Diya Patel,diya.patel299@example.com,+91 7544256709,8713 7248 8182,DBSLA7674R,22.9,97.3,0
