week,store,demand
2024-01-01,Store 01,706.4
2024-01-08,Store 01,690.1
2024-01-15,Store 01,734.0
2024-01-22,Store 01,704.5
2024-01-29,Store 01,702.1
2024-02-05,Store 01,695.7
2024-02-12,Store 01,718.0
2024-02-19,Store 01,690.9
2024-02-26,Store 01,674.2
2024-03-04,Store 01,686.0
2024-03-11,Store 01,714.9
2024-03-18,Store 01,706.5
2024-03-25,Store 01,689.5
2024-04-01,Store 01,713.3
2024-04-08,Store 01,703.6
2024-04-15,Store 01,688.4
2024-04-22,Store 01,690.1
2024-04-29,Store 01,697.9
2024-05-06,Store 01,681.3
2024-05-13,Store 01,694.8
2024-05-20,Store 01,700.7
2024-05-27,Store 01,672.3
2024-06-03,Store 01,696.5
2024-06-10,Store 01,696.9
2024-06-17,Store 01,719.1
2024-06-24,Store 01,678.4
2024-07-01,Store 01,703.0
2024-07-08,Store 01,704.3
2024-07-15,Store 01,728.8
2024-07-22,Store 01,716.7
2024-07-29,Store 01,747.3
2024-08-05,Store 01,733.3
2024-08-12,Store 01,720.2
2024-08-19,Store 01,732.9
2024-08-26,Store 01,726.9
2024-09-02,Store 01,747.9
2024-09-09,Store 01,717.6
2024-09-16,Store 01,727.7
2024-09-23,Store 01,749.2
2024-09-30,Store 01,762.8
2024-10-07,Store 01,713.2
2024-10-14,Store 01,768.4
2024-10-21,Store 01,747.0
2024-10-28,Store 01,721.9
2024-11-04,Store 01,705.9
2024-11-11,Store 01,728.5
2024-11-18,Store 01,751.4
2024-11-25,Store 01,750.6
2024-12-02,Store 01,760.8
2024-12-09,Store 01,742.6
2024-12-16,Store 01,733.4
2024-12-23,Store 01,742.9
2024-12-30,Store 01,748.5
2025-01-06,Store 01,750.2
2025-01-13,Store 01,733.5
2025-01-20,Store 01,757.4
2025-01-27,Store 01,733.1
2025-02-03,Store 01,727.9
2025-02-10,Store 01,731.3
2025-02-17,Store 01,754.1
2025-02-24,Store 01,734.6
2025-03-03,Store 01,724.9
2025-03-10,Store 01,748.0
2025-03-17,Store 01,765.3
2025-03-24,Store 01,735.6
2025-03-31,Store 01,750.4
2025-04-07,Store 01,747.1
2025-04-14,Store 01,722.4
2025-04-21,Store 01,732.1
2025-04-28,Store 01,712.9
2025-05-05,Store 01,729.8
2025-05-12,Store 01,724.5
2025-05-19,Store 01,729.1
2025-05-26,Store 01,725.5
2025-06-02,Store 01,734.2
2025-06-09,Store 01,748.5
2025-06-16,Store 01,741.0
2025-06-23,Store 01,717.3
2024-01-01,Store 02,541.4
2024-01-08,Store 02,526.0
2024-01-15,Store 02,542.3
2024-01-22,Store 02,533.0
2024-01-29,Store 02,524.9
2024-02-05,Store 02,555.5
2024-02-12,Store 02,559.5
2024-02-19,Store 02,564.7
2024-02-26,Store 02,544.9
2024-03-04,Store 02,575.5
2024-03-11,Store 02,554.5
2024-03-18,Store 02,575.8
2024-03-25,Store 02,562.5
2024-04-01,Store 02,571.0
2024-04-08,Store 02,542.0
2024-04-15,Store 02,577.7
2024-04-22,Store 02,587.2
2024-04-29,Store 02,583.0
2024-05-06,Store 02,618.4
2024-05-13,Store 02,577.1
2024-05-20,Store 02,588.1
2024-05-27,Store 02,584.5
2024-06-03,Store 02,590.5
2024-06-10,Store 02,614.8
2024-06-17,Store 02,621.2
2024-06-24,Store 02,587.6
2024-07-01,Store 02,585.8
2024-07-08,Store 02,577.2
2024-07-15,Store 02,611.4
2024-07-22,Store 02,605.3
2024-07-29,Store 02,583.1
2024-08-05,Store 02,559.5
2024-08-12,Store 02,556.1
2024-08-19,Store 02,573.1
2024-08-26,Store 02,573.3
2024-09-02,Store 02,528.4
2024-09-09,Store 02,548.7
2024-09-16,Store 02,571.7
2024-09-23,Store 02,538.1
2024-09-30,Store 02,557.7
2024-10-07,Store 02,539.2
2024-10-14,Store 02,507.4
2024-10-21,Store 02,513.8
2024-10-28,Store 02,511.1
2024-11-04,Store 02,493.9
2024-11-11,Store 02,489.2
2024-11-18,Store 02,522.5
2024-11-25,Store 02,481.9
2024-12-02,Store 02,509.9
2024-12-09,Store 02,485.0
2024-12-16,Store 02,489.5
2024-12-23,Store 02,497.3
2024-12-30,Store 02,479.5
2025-01-06,Store 02,497.3
2025-01-13,Store 02,458.9
2025-01-20,Store 02,497.6
2025-01-27,Store 02,455.9
2025-02-03,Store 02,491.9
2025-02-10,Store 02,511.0
2025-02-17,Store 02,510.7
2025-02-24,Store 02,485.5
2025-03-03,Store 02,491.2
2025-03-10,Store 02,502.5
2025-03-17,Store 02,519.7
2025-03-24,Store 02,490.6
2025-03-31,Store 02,525.1
2025-04-07,Store 02,534.0
2025-04-14,Store 02,528.9
2025-04-21,Store 02,544.7
2025-04-28,Store 02,543.4
2025-05-05,Store 02,534.9
2025-05-12,Store 02,516.5
2025-05-19,Store 02,549.5
2025-05-26,Store 02,534.7
2025-06-02,Store 02,541.2
2025-06-09,Store 02,557.4
2025-06-16,Store 02,571.2
2025-06-23,Store 02,548.5
2024-01-01,Store 03,308.9
2024-01-08,Store 03,284.8
2024-01-15,Store 03,291.5
2024-01-22,Store 03,313.0
2024-01-29,Store 03,297.6
2024-02-05,Store 03,283.9
2024-02-12,Store 03,340.1
2024-02-19,Store 03,286.9
2024-02-26,Store 03,303.1
2024-03-04,Store 03,310.2
2024-03-11,Store 03,309.8
2024-03-18,Store 03,303.7
2024-03-25,Store 03,304.5
2024-04-01,Store 03,304.4
2024-04-08,Store 03,291.8
2024-04-15,Store 03,341.6
2024-04-22,Store 03,306.8
2024-04-29,Store 03,320.0
2024-05-06,Store 03,307.0
2024-05-13,Store 03,307.9
2024-05-20,Store 03,307.8
2024-05-27,Store 03,292.9
2024-06-03,Store 03,315.5
2024-06-10,Store 03,313.8
2024-06-17,Store 03,339.8
2024-06-24,Store 03,306.7
2024-07-01,Store 03,318.7
2024-07-08,Store 03,316.9
2024-07-15,Store 03,355.3
2024-07-22,Store 03,324.0
2024-07-29,Store 03,349.2
2024-08-05,Store 03,359.2
2024-08-12,Store 03,346.6
2024-08-19,Store 03,332.4
2024-08-26,Store 03,337.0
2024-09-02,Store 03,374.9
2024-09-09,Store 03,347.8
2024-09-16,Store 03,377.3
2024-09-23,Store 03,378.0
2024-09-30,Store 03,386.7
2024-10-07,Store 03,392.9
2024-10-14,Store 03,376.6
2024-10-21,Store 03,380.6
2024-10-28,Store 03,410.5
2024-11-04,Store 03,394.8
2024-11-11,Store 03,367.3
2024-11-18,Store 03,422.3
2024-11-25,Store 03,401.0
2024-12-02,Store 03,427.2
2024-12-09,Store 03,444.6
2024-12-16,Store 03,427.2
2024-12-23,Store 03,444.8
2024-12-30,Store 03,434.9
2025-01-06,Store 03,458.9
2025-01-13,Store 03,421.4
2025-01-20,Store 03,439.3
2025-01-27,Store 03,451.3
2025-02-03,Store 03,439.9
2025-02-10,Store 03,461.4
2025-02-17,Store 03,438.8
2025-02-24,Store 03,477.4
2025-03-03,Store 03,479.1
2025-03-10,Store 03,452.3
2025-03-17,Store 03,457.0
2025-03-24,Store 03,467.3
2025-03-31,Store 03,432.3
2025-04-07,Store 03,431.1
2025-04-14,Store 03,470.4
2025-04-21,Store 03,456.4
2025-04-28,Store 03,449.8
2025-05-05,Store 03,454.4
2025-05-12,Store 03,419.7
2025-05-19,Store 03,454.0
2025-05-26,Store 03,447.1
2025-06-02,Store 03,473.9
2025-06-09,Store 03,477.1
2025-06-16,Store 03,473.0
2025-06-23,Store 03,472.8
2024-01-01,Store 04,874.7
2024-01-08,Store 04,819.4
2024-01-15,Store 04,840.0
2024-01-22,Store 04,835.0
2024-01-29,Store 04,848.1
2024-02-05,Store 04,844.3
2024-02-12,Store 04,838.5
2024-02-19,Store 04,854.5
2024-02-26,Store 04,819.0
2024-03-04,Store 04,815.7
2024-03-11,Store 04,811.2
2024-03-18,Store 04,815.9
2024-03-25,Store 04,797.3
2024-04-01,Store 04,809.0
2024-04-08,Store 04,801.1
2024-04-15,Store 04,785.6
2024-04-22,Store 04,804.2
2024-04-29,Store 04,784.0
2024-05-06,Store 04,794.9
2024-05-13,Store 04,770.3
2024-05-20,Store 04,767.5
2024-05-27,Store 04,754.6
2024-06-03,Store 04,758.6
2024-06-10,Store 04,765.7
2024-06-17,Store 04,745.7
2024-06-24,Store 04,757.4
2024-07-01,Store 04,735.8
2024-07-08,Store 04,758.6
2024-07-15,Store 04,738.6
2024-07-22,Store 04,761.0
2024-07-29,Store 04,750.8
2024-08-05,Store 04,775.2
2024-08-12,Store 04,738.4
2024-08-19,Store 04,737.5
2024-08-26,Store 04,755.1
2024-09-02,Store 04,748.9
2024-09-09,Store 04,754.8
2024-09-16,Store 04,791.2
2024-09-23,Store 04,788.6
2024-09-30,Store 04,788.5
2024-10-07,Store 04,797.2
2024-10-14,Store 04,801.4
2024-10-21,Store 04,842.5
2024-10-28,Store 04,814.0
2024-11-04,Store 04,812.3
2024-11-11,Store 04,850.9
2024-11-18,Store 04,842.2
2024-11-25,Store 04,882.0
2024-12-02,Store 04,849.0
2024-12-09,Store 04,874.4
2024-12-16,Store 04,882.1
2024-12-23,Store 04,861.5
2024-12-30,Store 04,860.9
2025-01-06,Store 04,885.0
2025-01-13,Store 04,883.6
2025-01-20,Store 04,854.1
2025-01-27,Store 04,857.7
2025-02-03,Store 04,835.2
2025-02-10,Store 04,880.0
2025-02-17,Store 04,864.3
2025-02-24,Store 04,862.2
2025-03-03,Store 04,835.1
2025-03-10,Store 04,839.2
2025-03-17,Store 04,843.3
2025-03-24,Store 04,834.7
2025-03-31,Store 04,840.7
2025-04-07,Store 04,841.5
2025-04-14,Store 04,860.5
2025-04-21,Store 04,819.9
2025-04-28,Store 04,830.8
2025-05-05,Store 04,795.6
2025-05-12,Store 04,777.2
2025-05-19,Store 04,791.7
2025-05-26,Store 04,768.2
2025-06-02,Store 04,788.0
2025-06-09,Store 04,772.4
2025-06-16,Store 04,751.7
2025-06-23,Store 04,804.8
2024-01-01,Store 05,848.0
2024-01-08,Store 05,819.7
2024-01-15,Store 05,822.2
2024-01-22,Store 05,835.5
2024-01-29,Store 05,839.7
2024-02-05,Store 05,843.3
2024-02-12,Store 05,831.7
2024-02-19,Store 05,842.8
2024-02-26,Store 05,848.2
2024-03-04,Store 05,842.5
2024-03-11,Store 05,840.2
2024-03-18,Store 05,823.8
2024-03-25,Store 05,857.9
2024-04-01,Store 05,853.1
2024-04-08,Store 05,850.0
2024-04-15,Store 05,879.1
2024-04-22,Store 05,842.4
2024-04-29,Store 05,892.3
2024-05-06,Store 05,871.1
2024-05-13,Store 05,879.8
2024-05-20,Store 05,872.5
2024-05-27,Store 05,856.7
2024-06-03,Store 05,882.6
2024-06-10,Store 05,892.3
2024-06-17,Store 05,899.7
2024-06-24,Store 05,888.5
2024-07-01,Store 05,860.1
2024-07-08,Store 05,871.0
2024-07-15,Store 05,925.5
2024-07-22,Store 05,878.5
2024-07-29,Store 05,916.0
2024-08-05,Store 05,879.9
2024-08-12,Store 05,890.0
2024-08-19,Store 05,900.6
2024-08-26,Store 05,876.9
2024-09-02,Store 05,910.8
2024-09-09,Store 05,885.4
2024-09-16,Store 05,888.3
2024-09-23,Store 05,874.2
2024-09-30,Store 05,884.7
2024-10-07,Store 05,895.0
2024-10-14,Store 05,865.7
2024-10-21,Store 05,890.0
2024-10-28,Store 05,851.3
2024-11-04,Store 05,868.4
2024-11-11,Store 05,860.8
2024-11-18,Store 05,834.2
2024-11-25,Store 05,850.4
2024-12-02,Store 05,844.6
2024-12-09,Store 05,829.2
2024-12-16,Store 05,845.3
2024-12-23,Store 05,840.4
2024-12-30,Store 05,835.9
2025-01-06,Store 05,835.1
2025-01-13,Store 05,834.3
2025-01-20,Store 05,830.2
2025-01-27,Store 05,838.2
2025-02-03,Store 05,827.4
2025-02-10,Store 05,878.3
2025-02-17,Store 05,819.1
2025-02-24,Store 05,833.6
2025-03-03,Store 05,837.3
2025-03-10,Store 05,878.3
2025-03-17,Store 05,831.1
2025-03-24,Store 05,860.6
2025-03-31,Store 05,861.5
2025-04-07,Store 05,866.5
2025-04-14,Store 05,883.9
2025-04-21,Store 05,887.4
2025-04-28,Store 05,866.2
2025-05-05,Store 05,879.7
2025-05-12,Store 05,852.4
2025-05-19,Store 05,885.3
2025-05-26,Store 05,875.1
2025-06-02,Store 05,887.2
2025-06-09,Store 05,867.4
2025-06-16,Store 05,901.0
2025-06-23,Store 05,871.4
2024-01-01,Store 06,649.8
2024-01-08,Store 06,664.8
2024-01-15,Store 06,677.6
2024-01-22,Store 06,649.1
2024-01-29,Store 06,689.7
2024-02-05,Store 06,651.6
2024-02-12,Store 06,690.9
2024-02-19,Store 06,678.3
2024-02-26,Store 06,677.3
2024-03-04,Store 06,705.8
2024-03-11,Store 06,715.7
2024-03-18,Store 06,719.8
2024-03-25,Store 06,713.4
2024-04-01,Store 06,715.9
2024-04-08,Store 06,725.0
2024-04-15,Store 06,724.4
2024-04-22,Store 06,730.3
2024-04-29,Store 06,727.1
2024-05-06,Store 06,738.1
2024-05-13,Store 06,702.1
2024-05-20,Store 06,725.2
2024-05-27,Store 06,706.7
2024-06-03,Store 06,731.5
2024-06-10,Store 06,751.7
2024-06-17,Store 06,719.4
2024-06-24,Store 06,727.6
2024-07-01,Store 06,736.2
2024-07-08,Store 06,692.9
2024-07-15,Store 06,715.1
2024-07-22,Store 06,727.5
2024-07-29,Store 06,677.7
2024-08-05,Store 06,705.8
2024-08-12,Store 06,736.4
2024-08-19,Store 06,734.7
2024-08-26,Store 06,725.3
2024-09-02,Store 06,733.3
2024-09-09,Store 06,724.0
2024-09-16,Store 06,730.2
2024-09-23,Store 06,718.6
2024-09-30,Store 06,727.1
2024-10-07,Store 06,718.3
2024-10-14,Store 06,749.6
2024-10-21,Store 06,756.8
2024-10-28,Store 06,758.4
2024-11-04,Store 06,735.8
2024-11-11,Store 06,732.3
2024-11-18,Store 06,770.8
2024-11-25,Store 06,765.2
2024-12-02,Store 06,767.6
2024-12-09,Store 06,759.2
2024-12-16,Store 06,781.3
2024-12-23,Store 06,765.0
2024-12-30,Store 06,797.3
2025-01-06,Store 06,815.1
2025-01-13,Store 06,825.5
2025-01-20,Store 06,818.2
2025-01-27,Store 06,793.4
2025-02-03,Store 06,823.4
2025-02-10,Store 06,858.7
2025-02-17,Store 06,819.5
2025-02-24,Store 06,837.3
2025-03-03,Store 06,864.7
2025-03-10,Store 06,857.7
2025-03-17,Store 06,890.1
2025-03-24,Store 06,846.1
2025-03-31,Store 06,845.9
2025-04-07,Store 06,882.3
2025-04-14,Store 06,848.8
2025-04-21,Store 06,866.1
2025-04-28,Store 06,869.9
2025-05-05,Store 06,887.9
2025-05-12,Store 06,882.6
2025-05-19,Store 06,880.9
2025-05-26,Store 06,868.2
2025-06-02,Store 06,892.4
2025-06-09,Store 06,934.3
2025-06-16,Store 06,883.7
2025-06-23,Store 06,874.1
2024-01-01,Store 07,724.5
2024-01-08,Store 07,750.5
2024-01-15,Store 07,741.1
2024-01-22,Store 07,718.0
2024-01-29,Store 07,699.6
2024-02-05,Store 07,734.7
2024-02-12,Store 07,710.4
2024-02-19,Store 07,681.2
2024-02-26,Store 07,713.5
2024-03-04,Store 07,713.7
2024-03-11,Store 07,657.2
2024-03-18,Store 07,676.3
2024-03-25,Store 07,682.1
2024-04-01,Store 07,689.9
2024-04-08,Store 07,666.4
2024-04-15,Store 07,657.1
2024-04-22,Store 07,676.2
2024-04-29,Store 07,654.2
2024-05-06,Store 07,665.8
2024-05-13,Store 07,637.8
2024-05-20,Store 07,631.6
2024-05-27,Store 07,661.1
2024-06-03,Store 07,652.0
2024-06-10,Store 07,661.1
2024-06-17,Store 07,639.0
2024-06-24,Store 07,635.4
2024-07-01,Store 07,668.7
2024-07-08,Store 07,627.0
2024-07-15,Store 07,670.8
2024-07-22,Store 07,674.6
2024-07-29,Store 07,671.1
2024-08-05,Store 07,651.7
2024-08-12,Store 07,654.0
2024-08-19,Store 07,667.8
2024-08-26,Store 07,656.6
2024-09-02,Store 07,666.9
2024-09-09,Store 07,696.4
2024-09-16,Store 07,702.1
2024-09-23,Store 07,682.3
2024-09-30,Store 07,713.8
2024-10-07,Store 07,715.9
2024-10-14,Store 07,737.1
2024-10-21,Store 07,728.0
2024-10-28,Store 07,740.1
2024-11-04,Store 07,735.7
2024-11-11,Store 07,747.1
2024-11-18,Store 07,716.5
2024-11-25,Store 07,736.9
2024-12-02,Store 07,740.4
2024-12-09,Store 07,739.0
2024-12-16,Store 07,750.3
2024-12-23,Store 07,753.6
2024-12-30,Store 07,749.7
2025-01-06,Store 07,740.3
2025-01-13,Store 07,730.5
2025-01-20,Store 07,755.9
2025-01-27,Store 07,742.1
2025-02-03,Store 07,718.5
2025-02-10,Store 07,727.3
2025-02-17,Store 07,700.1
2025-02-24,Store 07,722.5
2025-03-03,Store 07,714.5
2025-03-10,Store 07,704.1
2025-03-17,Store 07,731.6
2025-03-24,Store 07,685.6
2025-03-31,Store 07,708.6
2025-04-07,Store 07,726.1
2025-04-14,Store 07,704.9
2025-04-21,Store 07,683.9
2025-04-28,Store 07,663.4
2025-05-05,Store 07,656.3
2025-05-12,Store 07,667.4
2025-05-19,Store 07,660.7
2025-05-26,Store 07,658.1
2025-06-02,Store 07,662.4
2025-06-09,Store 07,664.8
2025-06-16,Store 07,673.4
2025-06-23,Store 07,647.8
2024-01-01,Store 08,789.6
2024-01-08,Store 08,758.5
2024-01-15,Store 08,785.6
2024-01-22,Store 08,784.3
2024-01-29,Store 08,771.1
2024-02-05,Store 08,751.8
2024-02-12,Store 08,793.7
2024-02-19,Store 08,748.9
2024-02-26,Store 08,772.9
2024-03-04,Store 08,764.3
2024-03-11,Store 08,769.0
2024-03-18,Store 08,784.8
2024-03-25,Store 08,767.2
2024-04-01,Store 08,750.4
2024-04-08,Store 08,775.9
2024-04-15,Store 08,750.7
2024-04-22,Store 08,764.0
2024-04-29,Store 08,744.0
2024-05-06,Store 08,750.1
2024-05-13,Store 08,769.0
2024-05-20,Store 08,776.7
2024-05-27,Store 08,748.9
2024-06-03,Store 08,785.4
2024-06-10,Store 08,769.4
2024-06-17,Store 08,804.8
2024-06-24,Store 08,784.3
2024-07-01,Store 08,776.9
2024-07-08,Store 08,798.9
2024-07-15,Store 08,788.1
2024-07-22,Store 08,824.8
2024-07-29,Store 08,809.6
2024-08-05,Store 08,810.9
2024-08-12,Store 08,825.4
2024-08-19,Store 08,804.5
2024-08-26,Store 08,803.0
2024-09-02,Store 08,830.8
2024-09-09,Store 08,810.2
2024-09-16,Store 08,811.7
2024-09-23,Store 08,841.8
2024-09-30,Store 08,837.8
2024-10-07,Store 08,811.3
2024-10-14,Store 08,820.6
2024-10-21,Store 08,815.6
2024-10-28,Store 08,854.7
2024-11-04,Store 08,840.1
2024-11-11,Store 08,818.3
2024-11-18,Store 08,831.0
2024-11-25,Store 08,799.4
2024-12-02,Store 08,806.8
2024-12-09,Store 08,815.4
2024-12-16,Store 08,817.4
2024-12-23,Store 08,805.8
2024-12-30,Store 08,807.6
2025-01-06,Store 08,801.6
2025-01-13,Store 08,794.6
2025-01-20,Store 08,789.4
2025-01-27,Store 08,784.3
2025-02-03,Store 08,791.2
2025-02-10,Store 08,791.3
2025-02-17,Store 08,785.7
2025-02-24,Store 08,763.0
2025-03-03,Store 08,764.0
2025-03-10,Store 08,783.7
2025-03-17,Store 08,799.0
2025-03-24,Store 08,778.8
2025-03-31,Store 08,770.3
2025-04-07,Store 08,780.4
2025-04-14,Store 08,760.9
2025-04-21,Store 08,799.0
2025-04-28,Store 08,783.9
2025-05-05,Store 08,773.3
2025-05-12,Store 08,783.5
2025-05-19,Store 08,781.0
2025-05-26,Store 08,811.8
2025-06-02,Store 08,792.6
2025-06-09,Store 08,801.8
2025-06-16,Store 08,811.9
2025-06-23,Store 08,796.2
2024-01-01,Store 09,615.3
2024-01-08,Store 09,616.2
2024-01-15,Store 09,613.6
2024-01-22,Store 09,616.5
2024-01-29,Store 09,633.0
2024-02-05,Store 09,596.3
2024-02-12,Store 09,610.7
2024-02-19,Store 09,628.4
2024-02-26,Store 09,628.9
2024-03-04,Store 09,632.6
2024-03-11,Store 09,671.7
2024-03-18,Store 09,645.0
2024-03-25,Store 09,658.6
2024-04-01,Store 09,643.5
2024-04-08,Store 09,640.0
2024-04-15,Store 09,657.4
2024-04-22,Store 09,680.3
2024-04-29,Store 09,683.3
2024-05-06,Store 09,691.0
2024-05-13,Store 09,689.5
2024-05-20,Store 09,694.8
2024-05-27,Store 09,705.2
2024-06-03,Store 09,726.0
2024-06-10,Store 09,734.6
2024-06-17,Store 09,713.3
2024-06-24,Store 09,745.8
2024-07-01,Store 09,730.0
2024-07-08,Store 09,751.5
2024-07-15,Store 09,745.7
2024-07-22,Store 09,775.4
2024-07-29,Store 09,748.3
2024-08-05,Store 09,759.1
2024-08-12,Store 09,766.6
2024-08-19,Store 09,744.7
2024-08-26,Store 09,756.4
2024-09-02,Store 09,752.4
2024-09-09,Store 09,746.9
2024-09-16,Store 09,745.6
2024-09-23,Store 09,765.9
2024-09-30,Store 09,736.7
2024-10-07,Store 09,750.3
2024-10-14,Store 09,742.2
2024-10-21,Store 09,712.0
2024-10-28,Store 09,736.0
2024-11-04,Store 09,702.2
2024-11-11,Store 09,728.0
2024-11-18,Store 09,706.2
2024-11-25,Store 09,709.4
2024-12-02,Store 09,685.6
2024-12-09,Store 09,702.9
2024-12-16,Store 09,711.5
2024-12-23,Store 09,682.4
2024-12-30,Store 09,683.0
2025-01-06,Store 09,697.1
2025-01-13,Store 09,696.3
2025-01-20,Store 09,652.2
2025-01-27,Store 09,719.2
2025-02-03,Store 09,698.0
2025-02-10,Store 09,702.3
2025-02-17,Store 09,692.3
2025-02-24,Store 09,669.9
2025-03-03,Store 09,711.9
2025-03-10,Store 09,698.0
2025-03-17,Store 09,720.0
2025-03-24,Store 09,714.4
2025-03-31,Store 09,727.7
2025-04-07,Store 09,719.4
2025-04-14,Store 09,751.1
2025-04-21,Store 09,727.8
2025-04-28,Store 09,787.0
2025-05-05,Store 09,794.6
2025-05-12,Store 09,793.3
2025-05-19,Store 09,795.6
2025-05-26,Store 09,782.7
2025-06-02,Store 09,808.7
2025-06-09,Store 09,796.6
2025-06-16,Store 09,781.2
2025-06-23,Store 09,833.0
2024-01-01,Store 10,397.1
2024-01-08,Store 10,434.1
2024-01-15,Store 10,391.6
2024-01-22,Store 10,416.1
2024-01-29,Store 10,395.7
2024-02-05,Store 10,384.0
2024-02-12,Store 10,406.6
2024-02-19,Store 10,396.2
2024-02-26,Store 10,412.6
2024-03-04,Store 10,380.6
2024-03-11,Store 10,388.4
2024-03-18,Store 10,364.8
2024-03-25,Store 10,369.4
2024-04-01,Store 10,431.4
2024-04-08,Store 10,438.6
2024-04-15,Store 10,412.3
2024-04-22,Store 10,402.6
2024-04-29,Store 10,415.1
2024-05-06,Store 10,437.8
2024-05-13,Store 10,422.5
2024-05-20,Store 10,439.7
2024-05-27,Store 10,442.1
2024-06-03,Store 10,440.1
2024-06-10,Store 10,447.2
2024-06-17,Store 10,465.9
2024-06-24,Store 10,453.3
2024-07-01,Store 10,481.0
2024-07-08,Store 10,473.3
2024-07-15,Store 10,488.0
2024-07-22,Store 10,512.3
2024-07-29,Store 10,494.0
2024-08-05,Store 10,514.8
2024-08-12,Store 10,478.0
2024-08-19,Store 10,501.2
2024-08-26,Store 10,511.3
2024-09-02,Store 10,541.8
2024-09-09,Store 10,484.9
2024-09-16,Store 10,513.5
2024-09-23,Store 10,536.8
2024-09-30,Store 10,502.4
2024-10-07,Store 10,509.7
2024-10-14,Store 10,515.9
2024-10-21,Store 10,511.1
2024-10-28,Store 10,528.7
2024-11-04,Store 10,508.4
2024-11-11,Store 10,517.6
2024-11-18,Store 10,487.9
2024-11-25,Store 10,477.6
2024-12-02,Store 10,480.5
2024-12-09,Store 10,461.6
2024-12-16,Store 10,481.3
2024-12-23,Store 10,463.4
2024-12-30,Store 10,454.3
2025-01-06,Store 10,467.4
2025-01-13,Store 10,438.5
2025-01-20,Store 10,463.3
2025-01-27,Store 10,441.2
2025-02-03,Store 10,462.8
2025-02-10,Store 10,437.1
2025-02-17,Store 10,450.7
2025-02-24,Store 10,442.8
2025-03-03,Store 10,450.7
2025-03-10,Store 10,441.4
2025-03-17,Store 10,415.7
2025-03-24,Store 10,457.4
2025-03-31,Store 10,443.1
2025-04-07,Store 10,459.2
2025-04-14,Store 10,461.2
2025-04-21,Store 10,443.4
2025-04-28,Store 10,445.9
2025-05-05,Store 10,474.6
2025-05-12,Store 10,465.7
2025-05-19,Store 10,490.2
2025-05-26,Store 10,479.6
2025-06-02,Store 10,504.0
2025-06-09,Store 10,501.4
2025-06-16,Store 10,505.9
2025-06-23,Store 10,502.4
2024-01-01,Store 11,484.7
2024-01-08,Store 11,484.1
2024-01-15,Store 11,506.3
2024-01-22,Store 11,497.0
2024-01-29,Store 11,478.8
2024-02-05,Store 11,479.9
2024-02-12,Store 11,465.4
2024-02-19,Store 11,473.1
2024-02-26,Store 11,480.4
2024-03-04,Store 11,489.1
2024-03-11,Store 11,488.7
2024-03-18,Store 11,462.3
2024-03-25,Store 11,495.7
2024-04-01,Store 11,482.3
2024-04-08,Store 11,471.9
2024-04-15,Store 11,510.4
2024-04-22,Store 11,516.4
2024-04-29,Store 11,503.0
2024-05-06,Store 11,514.6
2024-05-13,Store 11,520.9
2024-05-20,Store 11,536.0
2024-05-27,Store 11,532.0
2024-06-03,Store 11,507.5
2024-06-10,Store 11,564.0
2024-06-17,Store 11,556.4
2024-06-24,Store 11,539.4
2024-07-01,Store 11,538.3
2024-07-08,Store 11,567.9
2024-07-15,Store 11,562.7
2024-07-22,Store 11,578.1
2024-07-29,Store 11,590.4
2024-08-05,Store 11,576.5
2024-08-12,Store 11,573.8
2024-08-19,Store 11,601.4
2024-08-26,Store 11,592.2
2024-09-02,Store 11,606.6
2024-09-09,Store 11,588.0
2024-09-16,Store 11,607.6
2024-09-23,Store 11,624.8
2024-09-30,Store 11,625.4
2024-10-07,Store 11,606.1
2024-10-14,Store 11,601.6
2024-10-21,Store 11,620.1
2024-10-28,Store 11,628.5
2024-11-04,Store 11,625.9
2024-11-11,Store 11,611.6
2024-11-18,Store 11,622.8
2024-11-25,Store 11,639.6
2024-12-02,Store 11,618.7
2024-12-09,Store 11,589.4
2024-12-16,Store 11,615.2
2024-12-23,Store 11,640.9
2024-12-30,Store 11,589.0
2025-01-06,Store 11,607.0
2025-01-13,Store 11,601.4
2025-01-20,Store 11,604.7
2025-01-27,Store 11,604.9
2025-02-03,Store 11,618.1
2025-02-10,Store 11,601.6
2025-02-17,Store 11,619.2
2025-02-24,Store 11,598.4
2025-03-03,Store 11,595.4
2025-03-10,Store 11,591.7
2025-03-17,Store 11,576.1
2025-03-24,Store 11,609.5
2025-03-31,Store 11,638.8
2025-04-07,Store 11,618.0
2025-04-14,Store 11,625.0
2025-04-21,Store 11,612.6
2025-04-28,Store 11,619.7
2025-05-05,Store 11,643.1
2025-05-12,Store 11,663.8
2025-05-19,Store 11,661.7
2025-05-26,Store 11,657.5
2025-06-02,Store 11,652.2
2025-06-09,Store 11,661.3
2025-06-16,Store 11,653.4
2025-06-23,Store 11,649.7
2024-01-01,Store 12,654.4
2024-01-08,Store 12,648.3
2024-01-15,Store 12,634.4
2024-01-22,Store 12,646.1
2024-01-29,Store 12,647.1
2024-02-05,Store 12,643.7
2024-02-12,Store 12,668.5
2024-02-19,Store 12,628.4
2024-02-26,Store 12,630.0
2024-03-04,Store 12,663.3
2024-03-11,Store 12,668.5
2024-03-18,Store 12,677.4
2024-03-25,Store 12,667.9
2024-04-01,Store 12,667.0
2024-04-08,Store 12,685.6
2024-04-15,Store 12,684.2
2024-04-22,Store 12,719.1
2024-04-29,Store 12,695.9
2024-05-06,Store 12,704.7
2024-05-13,Store 12,747.1
2024-05-20,Store 12,711.1
2024-05-27,Store 12,726.1
2024-06-03,Store 12,730.6
2024-06-10,Store 12,734.5
2024-06-17,Store 12,730.0
2024-06-24,Store 12,729.9
2024-07-01,Store 12,729.2
2024-07-08,Store 12,719.1
2024-07-15,Store 12,731.9
2024-07-22,Store 12,756.0
2024-07-29,Store 12,741.6
2024-08-05,Store 12,725.2
2024-08-12,Store 12,730.0
2024-08-19,Store 12,700.0
2024-08-26,Store 12,704.4
2024-09-02,Store 12,717.3
2024-09-09,Store 12,719.7
2024-09-16,Store 12,679.7
2024-09-23,Store 12,677.6
2024-09-30,Store 12,711.0
2024-10-07,Store 12,672.9
2024-10-14,Store 12,691.9
2024-10-21,Store 12,660.9
2024-10-28,Store 12,654.7
2024-11-04,Store 12,639.9
2024-11-11,Store 12,652.3
2024-11-18,Store 12,652.6
2024-11-25,Store 12,611.2
2024-12-02,Store 12,616.4
2024-12-09,Store 12,631.0
2024-12-16,Store 12,611.5
2024-12-23,Store 12,602.8
2024-12-30,Store 12,622.8
2025-01-06,Store 12,622.4
2025-01-13,Store 12,598.0
2025-01-20,Store 12,607.5
2025-01-27,Store 12,586.5
2025-02-03,Store 12,592.2
2025-02-10,Store 12,609.2
2025-02-17,Store 12,610.1
2025-02-24,Store 12,598.0
2025-03-03,Store 12,605.2
2025-03-10,Store 12,603.8
2025-03-17,Store 12,630.9
2025-03-24,Store 12,599.2
2025-03-31,Store 12,618.3
2025-04-07,Store 12,610.5
2025-04-14,Store 12,649.8
2025-04-21,Store 12,621.5
2025-04-28,Store 12,653.9
2025-05-05,Store 12,682.8
2025-05-12,Store 12,687.8
2025-05-19,Store 12,639.7
2025-05-26,Store 12,674.9
2025-06-02,Store 12,658.8
2025-06-09,Store 12,658.4
2025-06-16,Store 12,676.6
2025-06-23,Store 12,698.1
2024-01-01,Store 13,399.4
2024-01-08,Store 13,396.5
2024-01-15,Store 13,408.6
2024-01-22,Store 13,403.3
2024-01-29,Store 13,403.6
2024-02-05,Store 13,403.0
2024-02-12,Store 13,406.3
2024-02-19,Store 13,415.0
2024-02-26,Store 13,410.6
2024-03-04,Store 13,406.1
2024-03-11,Store 13,419.0
2024-03-18,Store 13,428.5
2024-03-25,Store 13,411.4
2024-04-01,Store 13,423.0
2024-04-08,Store 13,445.9
2024-04-15,Store 13,417.0
2024-04-22,Store 13,466.0
2024-04-29,Store 13,424.5
2024-05-06,Store 13,445.4
2024-05-13,Store 13,442.5
2024-05-20,Store 13,496.0
2024-05-27,Store 13,462.0
2024-06-03,Store 13,468.5
2024-06-10,Store 13,476.8
2024-06-17,Store 13,490.1
2024-06-24,Store 13,489.8
2024-07-01,Store 13,498.5
2024-07-08,Store 13,453.1
2024-07-15,Store 13,512.1
2024-07-22,Store 13,516.2
2024-07-29,Store 13,535.8
2024-08-05,Store 13,543.7
2024-08-12,Store 13,524.6
2024-08-19,Store 13,542.4
2024-08-26,Store 13,515.9
2024-09-02,Store 13,545.6
2024-09-09,Store 13,526.6
2024-09-16,Store 13,518.0
2024-09-23,Store 13,533.1
2024-09-30,Store 13,556.4
2024-10-07,Store 13,537.2
2024-10-14,Store 13,555.6
2024-10-21,Store 13,520.3
2024-10-28,Store 13,545.2
2024-11-04,Store 13,517.4
2024-11-11,Store 13,528.1
2024-11-18,Store 13,525.3
2024-11-25,Store 13,529.3
2024-12-02,Store 13,520.4
2024-12-09,Store 13,502.8
2024-12-16,Store 13,524.6
2024-12-23,Store 13,535.0
2024-12-30,Store 13,498.1
2025-01-06,Store 13,477.5
2025-01-13,Store 13,511.1
2025-01-20,Store 13,497.5
2025-01-27,Store 13,499.9
2025-02-03,Store 13,510.1
2025-02-10,Store 13,495.3
2025-02-17,Store 13,499.1
2025-02-24,Store 13,503.1
2025-03-03,Store 13,528.6
2025-03-10,Store 13,509.6
2025-03-17,Store 13,493.7
2025-03-24,Store 13,498.0
2025-03-31,Store 13,522.1
2025-04-07,Store 13,507.7
2025-04-14,Store 13,506.2
2025-04-21,Store 13,544.6
2025-04-28,Store 13,551.1
2025-05-05,Store 13,541.3
2025-05-12,Store 13,557.4
2025-05-19,Store 13,562.1
2025-05-26,Store 13,574.8
2025-06-02,Store 13,581.2
2025-06-09,Store 13,539.5
2025-06-16,Store 13,581.2
2025-06-23,Store 13,598.6
2024-01-01,Store 14,432.8
2024-01-08,Store 14,479.6
2024-01-15,Store 14,478.0
2024-01-22,Store 14,462.8
2024-01-29,Store 14,464.4
2024-02-05,Store 14,426.8
2024-02-12,Store 14,466.2
2024-02-19,Store 14,451.6
2024-02-26,Store 14,475.5
2024-03-04,Store 14,474.2
2024-03-11,Store 14,481.5
2024-03-18,Store 14,490.7
2024-03-25,Store 14,467.6
2024-04-01,Store 14,500.1
2024-04-08,Store 14,467.0
2024-04-15,Store 14,441.2
2024-04-22,Store 14,449.6
2024-04-29,Store 14,449.5
2024-05-06,Store 14,461.1
2024-05-13,Store 14,435.1
2024-05-20,Store 14,442.2
2024-05-27,Store 14,441.8
2024-06-03,Store 14,435.3
2024-06-10,Store 14,452.4
2024-06-17,Store 14,448.5
2024-06-24,Store 14,455.5
2024-07-01,Store 14,432.7
2024-07-08,Store 14,455.9
2024-07-15,Store 14,418.2
2024-07-22,Store 14,419.3
2024-07-29,Store 14,424.0
2024-08-05,Store 14,445.1
2024-08-12,Store 14,466.4
2024-08-19,Store 14,443.4
2024-08-26,Store 14,449.9
2024-09-02,Store 14,459.0
2024-09-09,Store 14,476.6
2024-09-16,Store 14,467.1
2024-09-23,Store 14,472.9
2024-09-30,Store 14,467.7
2024-10-07,Store 14,486.7
2024-10-14,Store 14,520.5
2024-10-21,Store 14,512.0
2024-10-28,Store 14,507.3
2024-11-04,Store 14,544.8
2024-11-11,Store 14,525.2
2024-11-18,Store 14,562.9
2024-11-25,Store 14,570.0
2024-12-02,Store 14,556.9
2024-12-09,Store 14,540.3
2024-12-16,Store 14,603.4
2024-12-23,Store 14,580.7
2024-12-30,Store 14,575.3
2025-01-06,Store 14,599.2
2025-01-13,Store 14,599.4
2025-01-20,Store 14,612.0
2025-01-27,Store 14,585.3
2025-02-03,Store 14,602.1
2025-02-10,Store 14,581.1
2025-02-17,Store 14,609.8
2025-02-24,Store 14,599.7
2025-03-03,Store 14,604.0
2025-03-10,Store 14,596.8
2025-03-17,Store 14,593.9
2025-03-24,Store 14,582.9
2025-03-31,Store 14,605.6
2025-04-07,Store 14,613.7
2025-04-14,Store 14,580.3
2025-04-21,Store 14,594.1
2025-04-28,Store 14,589.4
2025-05-05,Store 14,580.2
2025-05-12,Store 14,554.3
2025-05-19,Store 14,555.0
2025-05-26,Store 14,560.3
2025-06-02,Store 14,537.8
2025-06-09,Store 14,589.2
2025-06-16,Store 14,572.2
2025-06-23,Store 14,565.4
2024-01-01,Store 15,594.8
2024-01-08,Store 15,617.1
2024-01-15,Store 15,596.2
2024-01-22,Store 15,603.9
2024-01-29,Store 15,621.4
2024-02-05,Store 15,598.5
2024-02-12,Store 15,594.3
2024-02-19,Store 15,627.2
2024-02-26,Store 15,608.3
2024-03-04,Store 15,625.9
2024-03-11,Store 15,601.5
2024-03-18,Store 15,635.4
2024-03-25,Store 15,621.1
2024-04-01,Store 15,626.4
2024-04-08,Store 15,624.9
2024-04-15,Store 15,618.4
2024-04-22,Store 15,629.0
2024-04-29,Store 15,625.4
2024-05-06,Store 15,649.4
2024-05-13,Store 15,634.8
2024-05-20,Store 15,618.0
2024-05-27,Store 15,617.6
2024-06-03,Store 15,619.1
2024-06-10,Store 15,656.1
2024-06-17,Store 15,631.0
2024-06-24,Store 15,653.9
2024-07-01,Store 15,652.2
2024-07-08,Store 15,649.5
2024-07-15,Store 15,657.0
2024-07-22,Store 15,652.3
2024-07-29,Store 15,608.3
2024-08-05,Store 15,642.8
2024-08-12,Store 15,652.3
2024-08-19,Store 15,668.4
2024-08-26,Store 15,666.7
2024-09-02,Store 15,618.1
2024-09-09,Store 15,630.3
2024-09-16,Store 15,608.7
2024-09-23,Store 15,651.5
2024-09-30,Store 15,640.2
2024-10-07,Store 15,626.5
2024-10-14,Store 15,619.8
2024-10-21,Store 15,634.2
2024-10-28,Store 15,627.8
2024-11-04,Store 15,623.3
2024-11-11,Store 15,609.1
2024-11-18,Store 15,593.6
2024-11-25,Store 15,607.1
2024-12-02,Store 15,604.9
2024-12-09,Store 15,587.2
2024-12-16,Store 15,582.5
2024-12-23,Store 15,602.8
2024-12-30,Store 15,609.2
2025-01-06,Store 15,571.9
2025-01-13,Store 15,578.5
2025-01-20,Store 15,587.4
2025-01-27,Store 15,589.5
2025-02-03,Store 15,574.9
2025-02-10,Store 15,611.9
2025-02-17,Store 15,591.3
2025-02-24,Store 15,594.6
2025-03-03,Store 15,615.0
2025-03-10,Store 15,584.1
2025-03-17,Store 15,592.0
2025-03-24,Store 15,577.3
2025-03-31,Store 15,596.4
2025-04-07,Store 15,579.6
2025-04-14,Store 15,616.2
2025-04-21,Store 15,614.4
2025-04-28,Store 15,606.9
2025-05-05,Store 15,612.5
2025-05-12,Store 15,628.3
2025-05-19,Store 15,602.4
2025-05-26,Store 15,624.9
2025-06-02,Store 15,634.5
2025-06-09,Store 15,599.1
2025-06-16,Store 15,637.6
2025-06-23,Store 15,603.3
2024-01-01,Store 16,310.5
2024-01-08,Store 16,335.4
2024-01-15,Store 16,324.8
2024-01-22,Store 16,305.6
2024-01-29,Store 16,332.8
2024-02-05,Store 16,291.3
2024-02-12,Store 16,301.6
2024-02-19,Store 16,304.2
2024-02-26,Store 16,320.4
2024-03-04,Store 16,323.1
2024-03-11,Store 16,315.5
2024-03-18,Store 16,291.9
2024-03-25,Store 16,253.2
2024-04-01,Store 16,290.9
2024-04-08,Store 16,302.8
2024-04-15,Store 16,295.2
2024-04-22,Store 16,280.0
2024-04-29,Store 16,251.9
2024-05-06,Store 16,259.0
2024-05-13,Store 16,293.5
2024-05-20,Store 16,241.4
2024-05-27,Store 16,244.1
2024-06-03,Store 16,274.7
2024-06-10,Store 16,253.9
2024-06-17,Store 16,243.1
2024-06-24,Store 16,284.8
2024-07-01,Store 16,270.4
2024-07-08,Store 16,259.9
2024-07-15,Store 16,251.1
2024-07-22,Store 16,302.1
2024-07-29,Store 16,274.6
2024-08-05,Store 16,299.9
2024-08-12,Store 16,296.7
2024-08-19,Store 16,280.0
2024-08-26,Store 16,285.0
2024-09-02,Store 16,319.3
2024-09-09,Store 16,324.5
2024-09-16,Store 16,279.4
2024-09-23,Store 16,320.8
2024-09-30,Store 16,315.5
2024-10-07,Store 16,306.4
2024-10-14,Store 16,330.2
2024-10-21,Store 16,310.0
2024-10-28,Store 16,326.8
2024-11-04,Store 16,325.0
2024-11-11,Store 16,332.1
2024-11-18,Store 16,340.7
2024-11-25,Store 16,328.1
2024-12-02,Store 16,368.0
2024-12-09,Store 16,352.2
2024-12-16,Store 16,371.6
2024-12-23,Store 16,341.5
2024-12-30,Store 16,334.4
2025-01-06,Store 16,367.2
2025-01-13,Store 16,329.7
2025-01-20,Store 16,332.9
2025-01-27,Store 16,343.0
2025-02-03,Store 16,310.0
2025-02-10,Store 16,335.2
2025-02-17,Store 16,329.0
2025-02-24,Store 16,334.7
2025-03-03,Store 16,324.4
2025-03-10,Store 16,325.8
2025-03-17,Store 16,300.0
2025-03-24,Store 16,284.0
2025-03-31,Store 16,324.1
2025-04-07,Store 16,265.2
2025-04-14,Store 16,262.7
2025-04-21,Store 16,288.9
2025-04-28,Store 16,301.5
2025-05-05,Store 16,277.1
2025-05-12,Store 16,286.8
2025-05-19,Store 16,240.1
2025-05-26,Store 16,261.2
2025-06-02,Store 16,239.8
2025-06-09,Store 16,279.5
2025-06-16,Store 16,245.0
2025-06-23,Store 16,250.1
2024-01-01,Store 17,795.4
2024-01-08,Store 17,784.9
2024-01-15,Store 17,772.8
2024-01-22,Store 17,799.0
2024-01-29,Store 17,801.3
2024-02-05,Store 17,807.4
2024-02-12,Store 17,800.9
2024-02-19,Store 17,781.3
2024-02-26,Store 17,812.0
2024-03-04,Store 17,804.9
2024-03-11,Store 17,801.2
2024-03-18,Store 17,807.9
2024-03-25,Store 17,806.1
2024-04-01,Store 17,834.2
2024-04-08,Store 17,804.3
2024-04-15,Store 17,815.6
2024-04-22,Store 17,830.7
2024-04-29,Store 17,865.2
2024-05-06,Store 17,862.2
2024-05-13,Store 17,827.3
2024-05-20,Store 17,877.7
2024-05-27,Store 17,883.3
2024-06-03,Store 17,851.0
2024-06-10,Store 17,836.2
2024-06-17,Store 17,878.3
2024-06-24,Store 17,901.5
2024-07-01,Store 17,913.5
2024-07-08,Store 17,881.4
2024-07-15,Store 17,925.4
2024-07-22,Store 17,870.0
2024-07-29,Store 17,901.9
2024-08-05,Store 17,904.9
2024-08-12,Store 17,931.8
2024-08-19,Store 17,937.1
2024-08-26,Store 17,934.7
2024-09-02,Store 17,902.5
2024-09-09,Store 17,937.8
2024-09-16,Store 17,934.2
2024-09-23,Store 17,903.0
2024-09-30,Store 17,898.2
2024-10-07,Store 17,945.7
2024-10-14,Store 17,928.2
2024-10-21,Store 17,912.1
2024-10-28,Store 17,928.6
2024-11-04,Store 17,937.4
2024-11-11,Store 17,930.8
2024-11-18,Store 17,908.8
2024-11-25,Store 17,960.4
2024-12-02,Store 17,947.3
2024-12-09,Store 17,927.3
2024-12-16,Store 17,928.2
2024-12-23,Store 17,938.4
2024-12-30,Store 17,916.7
2025-01-06,Store 17,939.3
2025-01-13,Store 17,915.5
2025-01-20,Store 17,935.7
2025-01-27,Store 17,920.8
2025-02-03,Store 17,923.5
2025-02-10,Store 17,967.2
2025-02-17,Store 17,946.0
2025-02-24,Store 17,951.1
2025-03-03,Store 17,921.0
2025-03-10,Store 17,945.8
2025-03-17,Store 17,965.5
2025-03-24,Store 17,965.7
2025-03-31,Store 17,934.9
2025-04-07,Store 17,975.0
2025-04-14,Store 17,982.3
2025-04-21,Store 17,1001.2
2025-04-28,Store 17,977.4
2025-05-05,Store 17,959.0
2025-05-12,Store 17,983.2
2025-05-19,Store 17,987.3
2025-05-26,Store 17,1020.4
2025-06-02,Store 17,974.1
2025-06-09,Store 17,1013.6
2025-06-16,Store 17,1047.1
2025-06-23,Store 17,1031.0
2024-01-01,Store 18,477.1
2024-01-08,Store 18,482.2
2024-01-15,Store 18,469.2
2024-01-22,Store 18,492.8
2024-01-29,Store 18,479.3
2024-02-05,Store 18,519.5
2024-02-12,Store 18,547.7
2024-02-19,Store 18,518.8
2024-02-26,Store 18,506.4
2024-03-04,Store 18,482.0
2024-03-11,Store 18,498.3
2024-03-18,Store 18,549.9
2024-03-25,Store 18,513.6
2024-04-01,Store 18,525.3
2024-04-08,Store 18,541.9
2024-04-15,Store 18,554.8
2024-04-22,Store 18,529.4
2024-04-29,Store 18,525.5
2024-05-06,Store 18,531.1
2024-05-13,Store 18,518.4
2024-05-20,Store 18,516.4
2024-05-27,Store 18,527.7
2024-06-03,Store 18,520.3
2024-06-10,Store 18,545.0
2024-06-17,Store 18,514.6
2024-06-24,Store 18,520.0
2024-07-01,Store 18,481.0
2024-07-08,Store 18,499.1
2024-07-15,Store 18,474.3
2024-07-22,Store 18,485.0
2024-07-29,Store 18,483.3
2024-08-05,Store 18,467.8
2024-08-12,Store 18,497.3
2024-08-19,Store 18,477.1
2024-08-26,Store 18,468.1
2024-09-02,Store 18,457.1
2024-09-09,Store 18,467.7
2024-09-16,Store 18,415.9
2024-09-23,Store 18,454.8
2024-09-30,Store 18,416.7
2024-10-07,Store 18,421.1
2024-10-14,Store 18,436.7
2024-10-21,Store 18,446.1
2024-10-28,Store 18,410.4
2024-11-04,Store 18,420.8
2024-11-11,Store 18,431.3
2024-11-18,Store 18,429.1
2024-11-25,Store 18,447.4
2024-12-02,Store 18,489.3
2024-12-09,Store 18,447.8
2024-12-16,Store 18,434.6
2024-12-23,Store 18,430.8
2024-12-30,Store 18,450.2
2025-01-06,Store 18,446.0
2025-01-13,Store 18,472.4
2025-01-20,Store 18,477.5
2025-01-27,Store 18,469.0
2025-02-03,Store 18,511.0
2025-02-10,Store 18,475.2
2025-02-17,Store 18,489.2
2025-02-24,Store 18,505.0
2025-03-03,Store 18,512.8
2025-03-10,Store 18,522.1
2025-03-17,Store 18,512.4
2025-03-24,Store 18,524.2
2025-03-31,Store 18,500.3
2025-04-07,Store 18,525.3
2025-04-14,Store 18,525.6
2025-04-21,Store 18,534.6
2025-04-28,Store 18,486.0
2025-05-05,Store 18,495.9
2025-05-12,Store 18,519.6
2025-05-19,Store 18,464.7
2025-05-26,Store 18,508.4
2025-06-02,Store 18,512.9
2025-06-09,Store 18,483.8
2025-06-16,Store 18,481.1
2025-06-23,Store 18,466.1
2024-01-01,Store 19,502.0
2024-01-08,Store 19,508.8
2024-01-15,Store 19,547.7
2024-01-22,Store 19,519.8
2024-01-29,Store 19,536.5
2024-02-05,Store 19,527.7
2024-02-12,Store 19,532.0
2024-02-19,Store 19,519.1
2024-02-26,Store 19,524.3
2024-03-04,Store 19,532.3
2024-03-11,Store 19,555.0
2024-03-18,Store 19,569.6
2024-03-25,Store 19,527.3
2024-04-01,Store 19,545.8
2024-04-08,Store 19,533.0
2024-04-15,Store 19,548.4
2024-04-22,Store 19,566.9
2024-04-29,Store 19,542.1
2024-05-06,Store 19,545.7
2024-05-13,Store 19,565.6
2024-05-20,Store 19,547.8
2024-05-27,Store 19,526.5
2024-06-03,Store 19,537.2
2024-06-10,Store 19,519.4
2024-06-17,Store 19,535.2
2024-06-24,Store 19,533.9
2024-07-01,Store 19,503.1
2024-07-08,Store 19,524.1
2024-07-15,Store 19,517.9
2024-07-22,Store 19,526.5
2024-07-29,Store 19,530.0
2024-08-05,Store 19,524.5
2024-08-12,Store 19,513.1
2024-08-19,Store 19,532.6
2024-08-26,Store 19,507.1
2024-09-02,Store 19,502.6
2024-09-09,Store 19,477.4
2024-09-16,Store 19,527.9
2024-09-23,Store 19,520.8
2024-09-30,Store 19,543.9
2024-10-07,Store 19,513.8
2024-10-14,Store 19,539.5
2024-10-21,Store 19,562.7
2024-10-28,Store 19,547.0
2024-11-04,Store 19,575.7
2024-11-11,Store 19,568.7
2024-11-18,Store 19,584.2
2024-11-25,Store 19,601.4
2024-12-02,Store 19,614.6
2024-12-09,Store 19,609.6
2024-12-16,Store 19,603.7
2024-12-23,Store 19,616.6
2024-12-30,Store 19,640.3
2025-01-06,Store 19,622.4
2025-01-13,Store 19,641.6
2025-01-20,Store 19,644.6
2025-01-27,Store 19,654.4
2025-02-03,Store 19,645.9
2025-02-10,Store 19,637.7
2025-02-17,Store 19,677.2
2025-02-24,Store 19,687.0
2025-03-03,Store 19,648.2
2025-03-10,Store 19,682.5
2025-03-17,Store 19,694.4
2025-03-24,Store 19,687.7
2025-03-31,Store 19,672.5
2025-04-07,Store 19,664.0
2025-04-14,Store 19,678.3
2025-04-21,Store 19,679.2
2025-04-28,Store 19,674.9
2025-05-05,Store 19,668.4
2025-05-12,Store 19,652.2
2025-05-19,Store 19,671.9
2025-05-26,Store 19,669.7
2025-06-02,Store 19,662.6
2025-06-09,Store 19,658.2
2025-06-16,Store 19,678.8
2025-06-23,Store 19,641.5
2024-01-01,Store 20,873.5
2024-01-08,Store 20,906.4
2024-01-15,Store 20,892.1
2024-01-22,Store 20,875.4
2024-01-29,Store 20,886.3
2024-02-05,Store 20,912.2
2024-02-12,Store 20,912.1
2024-02-19,Store 20,885.3
2024-02-26,Store 20,901.7
2024-03-04,Store 20,909.3
2024-03-11,Store 20,900.7
2024-03-18,Store 20,945.6
2024-03-25,Store 20,915.3
2024-04-01,Store 20,912.1
2024-04-08,Store 20,931.8
2024-04-15,Store 20,909.1
2024-04-22,Store 20,930.1
2024-04-29,Store 20,890.0
2024-05-06,Store 20,908.0
2024-05-13,Store 20,930.1
2024-05-20,Store 20,937.2
2024-05-27,Store 20,901.2
2024-06-03,Store 20,898.4
2024-06-10,Store 20,919.0
2024-06-17,Store 20,899.8
2024-06-24,Store 20,903.8
2024-07-01,Store 20,919.5
2024-07-08,Store 20,896.8
2024-07-15,Store 20,874.0
2024-07-22,Store 20,882.7
2024-07-29,Store 20,901.1
2024-08-05,Store 20,871.9
2024-08-12,Store 20,894.5
2024-08-19,Store 20,877.4
2024-08-26,Store 20,922.4
2024-09-02,Store 20,930.0
2024-09-09,Store 20,881.7
2024-09-16,Store 20,901.7
2024-09-23,Store 20,884.1
2024-09-30,Store 20,894.7
2024-10-07,Store 20,927.7
2024-10-14,Store 20,895.1
2024-10-21,Store 20,899.6
2024-10-28,Store 20,891.9
2024-11-04,Store 20,925.6
2024-11-11,Store 20,862.1
2024-11-18,Store 20,907.2
2024-11-25,Store 20,916.2
2024-12-02,Store 20,910.2
2024-12-09,Store 20,936.5
2024-12-16,Store 20,945.0
2024-12-23,Store 20,909.4
2024-12-30,Store 20,965.5
2025-01-06,Store 20,916.4
2025-01-13,Store 20,960.6
2025-01-20,Store 20,947.0
2025-01-27,Store 20,940.6
2025-02-03,Store 20,945.3
2025-02-10,Store 20,954.0
2025-02-17,Store 20,960.5
2025-02-24,Store 20,946.2
2025-03-03,Store 20,958.9
2025-03-10,Store 20,953.0
2025-03-17,Store 20,948.2
2025-03-24,Store 20,955.7
2025-03-31,Store 20,952.0
2025-04-07,Store 20,963.9
2025-04-14,Store 20,977.3
2025-04-21,Store 20,973.0
2025-04-28,Store 20,1000.9
2025-05-05,Store 20,937.9
2025-05-12,Store 20,977.6
2025-05-19,Store 20,970.0
2025-05-26,Store 20,981.2
2025-06-02,Store 20,978.7
2025-06-09,Store 20,964.3
2025-06-16,Store 20,968.0
2025-06-23,Store 20,952.9
2024-01-01,Store 21,277.1
2024-01-08,Store 21,287.4
2024-01-15,Store 21,295.5
2024-01-22,Store 21,324.8
2024-01-29,Store 21,361.7
2024-02-05,Store 21,339.5
2024-02-12,Store 21,320.9
2024-02-19,Store 21,347.1
2024-02-26,Store 21,355.9
2024-03-04,Store 21,339.9
2024-03-11,Store 21,342.6
2024-03-18,Store 21,367.9
2024-03-25,Store 21,387.9
2024-04-01,Store 21,358.0
2024-04-08,Store 21,377.1
2024-04-15,Store 21,401.6
2024-04-22,Store 21,398.0
2024-04-29,Store 21,422.2
2024-05-06,Store 21,382.5
2024-05-13,Store 21,440.8
2024-05-20,Store 21,383.5
2024-05-27,Store 21,376.4
2024-06-03,Store 21,405.3
2024-06-10,Store 21,387.7
2024-06-17,Store 21,401.9
2024-06-24,Store 21,398.4
2024-07-01,Store 21,392.9
2024-07-08,Store 21,379.0
2024-07-15,Store 21,393.4
2024-07-22,Store 21,376.9
2024-07-29,Store 21,392.7
2024-08-05,Store 21,367.7
2024-08-12,Store 21,350.0
2024-08-19,Store 21,333.2
2024-08-26,Store 21,350.1
2024-09-02,Store 21,327.9
2024-09-09,Store 21,321.3
2024-09-16,Store 21,344.3
2024-09-23,Store 21,305.1
2024-09-30,Store 21,348.9
2024-10-07,Store 21,326.6
2024-10-14,Store 21,320.8
2024-10-21,Store 21,303.8
2024-10-28,Store 21,329.5
2024-11-04,Store 21,317.6
2024-11-11,Store 21,307.7
2024-11-18,Store 21,322.2
2024-11-25,Store 21,296.1
2024-12-02,Store 21,299.7
2024-12-09,Store 21,311.2
2024-12-16,Store 21,337.8
2024-12-23,Store 21,337.7
2024-12-30,Store 21,359.4
2025-01-06,Store 21,336.4
2025-01-13,Store 21,365.9
2025-01-20,Store 21,363.0
2025-01-27,Store 21,358.3
2025-02-03,Store 21,386.3
2025-02-10,Store 21,387.7
2025-02-17,Store 21,387.5
2025-02-24,Store 21,405.7
2025-03-03,Store 21,411.2
2025-03-10,Store 21,418.5
2025-03-17,Store 21,422.0
2025-03-24,Store 21,415.5
2025-03-31,Store 21,442.6
2025-04-07,Store 21,435.2
2025-04-14,Store 21,437.0
2025-04-21,Store 21,453.1
2025-04-28,Store 21,471.2
2025-05-05,Store 21,465.8
2025-05-12,Store 21,456.9
2025-05-19,Store 21,457.3
2025-05-26,Store 21,475.6
2025-06-02,Store 21,429.5
2025-06-09,Store 21,475.9
2025-06-16,Store 21,433.6
2025-06-23,Store 21,437.5
2024-01-01,Store 22,287.9
2024-01-08,Store 22,250.9
2024-01-15,Store 22,277.2
2024-01-22,Store 22,262.6
2024-01-29,Store 22,254.6
2024-02-05,Store 22,265.3
2024-02-12,Store 22,252.2
2024-02-19,Store 22,268.8
2024-02-26,Store 22,223.7
2024-03-04,Store 22,251.4
2024-03-11,Store 22,235.1
2024-03-18,Store 22,240.7
2024-03-25,Store 22,250.8
2024-04-01,Store 22,229.5
2024-04-08,Store 22,249.6
2024-04-15,Store 22,245.6
2024-04-22,Store 22,241.4
2024-04-29,Store 22,247.6
2024-05-06,Store 22,256.6
2024-05-13,Store 22,252.4
2024-05-20,Store 22,269.8
2024-05-27,Store 22,272.0
2024-06-03,Store 22,274.3
2024-06-10,Store 22,315.1
2024-06-17,Store 22,305.9
2024-06-24,Store 22,302.9
2024-07-01,Store 22,320.1
2024-07-08,Store 22,312.1
2024-07-15,Store 22,330.7
2024-07-22,Store 22,342.4
2024-07-29,Store 22,338.4
2024-08-05,Store 22,372.7
2024-08-12,Store 22,368.9
2024-08-19,Store 22,380.4
2024-08-26,Store 22,386.1
2024-09-02,Store 22,447.5
2024-09-09,Store 22,401.0
2024-09-16,Store 22,387.1
2024-09-23,Store 22,400.7
2024-09-30,Store 22,441.9
2024-10-07,Store 22,455.6
2024-10-14,Store 22,429.5
2024-10-21,Store 22,462.3
2024-10-28,Store 22,456.7
2024-11-04,Store 22,444.5
2024-11-11,Store 22,444.3
2024-11-18,Store 22,451.0
2024-11-25,Store 22,460.7
2024-12-02,Store 22,452.2
2024-12-09,Store 22,434.1
2024-12-16,Store 22,439.1
2024-12-23,Store 22,468.4
2024-12-30,Store 22,439.0
2025-01-06,Store 22,444.6
2025-01-13,Store 22,435.7
2025-01-20,Store 22,427.7
2025-01-27,Store 22,421.2
2025-02-03,Store 22,429.1
2025-02-10,Store 22,422.7
2025-02-17,Store 22,412.5
2025-02-24,Store 22,395.1
2025-03-03,Store 22,408.7
2025-03-10,Store 22,400.0
2025-03-17,Store 22,395.0
2025-03-24,Store 22,439.1
2025-03-31,Store 22,375.9
2025-04-07,Store 22,414.3
2025-04-14,Store 22,388.6
2025-04-21,Store 22,406.0
2025-04-28,Store 22,445.9
2025-05-05,Store 22,397.2
2025-05-12,Store 22,405.8
2025-05-19,Store 22,422.1
2025-05-26,Store 22,416.2
2025-06-02,Store 22,449.4
2025-06-09,Store 22,436.0
2025-06-16,Store 22,462.3
2025-06-23,Store 22,441.4
2024-01-01,Store 23,741.7
2024-01-08,Store 23,751.7
2024-01-15,Store 23,775.4
2024-01-22,Store 23,761.6
2024-01-29,Store 23,748.3
2024-02-05,Store 23,801.6
2024-02-12,Store 23,755.4
2024-02-19,Store 23,766.3
2024-02-26,Store 23,764.5
2024-03-04,Store 23,776.1
2024-03-11,Store 23,769.9
2024-03-18,Store 23,747.7
2024-03-25,Store 23,752.1
2024-04-01,Store 23,750.3
2024-04-08,Store 23,761.6
2024-04-15,Store 23,729.4
2024-04-22,Store 23,773.9
2024-04-29,Store 23,729.0
2024-05-06,Store 23,737.3
2024-05-13,Store 23,717.3
2024-05-20,Store 23,712.8
2024-05-27,Store 23,717.2
2024-06-03,Store 23,714.3
2024-06-10,Store 23,721.7
2024-06-17,Store 23,712.8
2024-06-24,Store 23,738.1
2024-07-01,Store 23,716.8
2024-07-08,Store 23,716.7
2024-07-15,Store 23,726.3
2024-07-22,Store 23,749.9
2024-07-29,Store 23,741.7
2024-08-05,Store 23,741.1
2024-08-12,Store 23,725.7
2024-08-19,Store 23,735.3
2024-08-26,Store 23,739.0
2024-09-02,Store 23,783.9
2024-09-09,Store 23,778.9
2024-09-16,Store 23,764.9
2024-09-23,Store 23,776.5
2024-09-30,Store 23,779.9
2024-10-07,Store 23,786.5
2024-10-14,Store 23,814.1
2024-10-21,Store 23,810.3
2024-10-28,Store 23,853.1
2024-11-04,Store 23,847.8
2024-11-11,Store 23,855.4
2024-11-18,Store 23,852.3
2024-11-25,Store 23,841.9
2024-12-02,Store 23,862.8
2024-12-09,Store 23,853.6
2024-12-16,Store 23,887.7
2024-12-23,Store 23,873.2
2024-12-30,Store 23,874.3
2025-01-06,Store 23,874.8
2025-01-13,Store 23,900.9
2025-01-20,Store 23,854.5
2025-01-27,Store 23,904.2
2025-02-03,Store 23,873.9
2025-02-10,Store 23,854.9
2025-02-17,Store 23,863.6
2025-02-24,Store 23,848.5
2025-03-03,Store 23,880.9
2025-03-10,Store 23,853.0
2025-03-17,Store 23,868.3
2025-03-24,Store 23,879.7
2025-03-31,Store 23,849.3
2025-04-07,Store 23,852.0
2025-04-14,Store 23,833.0
2025-04-21,Store 23,843.4
2025-04-28,Store 23,884.6
2025-05-05,Store 23,854.7
2025-05-12,Store 23,836.3
2025-05-19,Store 23,828.7
2025-05-26,Store 23,835.3
2025-06-02,Store 23,836.4
2025-06-09,Store 23,827.2
2025-06-16,Store 23,841.1
2025-06-23,Store 23,819.0
2024-01-01,Store 24,718.5
2024-01-08,Store 24,693.9
2024-01-15,Store 24,726.3
2024-01-22,Store 24,703.3
2024-01-29,Store 24,743.6
2024-02-05,Store 24,734.6
2024-02-12,Store 24,771.7
2024-02-19,Store 24,766.0
2024-02-26,Store 24,740.3
2024-03-04,Store 24,732.4
2024-03-11,Store 24,758.1
2024-03-18,Store 24,757.8
2024-03-25,Store 24,810.2
2024-04-01,Store 24,789.2
2024-04-08,Store 24,809.6
2024-04-15,Store 24,797.3
2024-04-22,Store 24,804.5
2024-04-29,Store 24,811.8
2024-05-06,Store 24,833.4
2024-05-13,Store 24,825.4
2024-05-20,Store 24,808.2
2024-05-27,Store 24,850.9
2024-06-03,Store 24,824.0
2024-06-10,Store 24,822.7
2024-06-17,Store 24,787.3
2024-06-24,Store 24,838.8
2024-07-01,Store 24,829.6
2024-07-08,Store 24,827.6
2024-07-15,Store 24,817.4
2024-07-22,Store 24,811.5
2024-07-29,Store 24,810.6
2024-08-05,Store 24,818.7
2024-08-12,Store 24,816.3
2024-08-19,Store 24,797.9
2024-08-26,Store 24,810.0
2024-09-02,Store 24,788.6
2024-09-09,Store 24,776.2
2024-09-16,Store 24,780.7
2024-09-23,Store 24,751.3
2024-09-30,Store 24,769.3
2024-10-07,Store 24,737.0
2024-10-14,Store 24,739.4
2024-10-21,Store 24,719.6
2024-10-28,Store 24,742.8
2024-11-04,Store 24,765.7
2024-11-11,Store 24,736.5
2024-11-18,Store 24,745.2
2024-11-25,Store 24,768.9
2024-12-02,Store 24,738.5
2024-12-09,Store 24,720.5
2024-12-16,Store 24,722.9
2024-12-23,Store 24,733.5
2024-12-30,Store 24,725.8
2025-01-06,Store 24,729.6
2025-01-13,Store 24,756.0
2025-01-20,Store 24,760.6
2025-01-27,Store 24,725.1
2025-02-03,Store 24,742.6
2025-02-10,Store 24,753.5
2025-02-17,Store 24,775.5
2025-02-24,Store 24,789.9
2025-03-03,Store 24,819.8
2025-03-10,Store 24,779.0
2025-03-17,Store 24,786.5
2025-03-24,Store 24,808.2
2025-03-31,Store 24,795.7
2025-04-07,Store 24,810.1
2025-04-14,Store 24,811.9
2025-04-21,Store 24,784.4
2025-04-28,Store 24,830.7
2025-05-05,Store 24,830.7
2025-05-12,Store 24,856.4
2025-05-19,Store 24,840.7
2025-05-26,Store 24,824.4
2025-06-02,Store 24,841.1
2025-06-09,Store 24,814.7
2025-06-16,Store 24,828.2
2025-06-23,Store 24,855.4
2024-01-01,Store 25,228.8
2024-01-08,Store 25,254.4
2024-01-15,Store 25,254.2
2024-01-22,Store 25,257.6
2024-01-29,Store 25,274.7
2024-02-05,Store 25,249.3
2024-02-12,Store 25,277.6
2024-02-19,Store 25,244.4
2024-02-26,Store 25,245.7
2024-03-04,Store 25,274.7
2024-03-11,Store 25,241.7
2024-03-18,Store 25,273.1
2024-03-25,Store 25,265.7
2024-04-01,Store 25,279.4
2024-04-08,Store 25,261.0
2024-04-15,Store 25,260.7
2024-04-22,Store 25,264.9
2024-04-29,Store 25,244.2
2024-05-06,Store 25,239.9
2024-05-13,Store 25,253.6
2024-05-20,Store 25,241.6
2024-05-27,Store 25,231.1
2024-06-03,Store 25,230.9
2024-06-10,Store 25,250.8
2024-06-17,Store 25,214.8
2024-06-24,Store 25,208.8
2024-07-01,Store 25,184.8
2024-07-08,Store 25,204.3
2024-07-15,Store 25,209.5
2024-07-22,Store 25,207.1
2024-07-29,Store 25,191.3
2024-08-05,Store 25,199.5
2024-08-12,Store 25,192.0
2024-08-19,Store 25,194.1
2024-08-26,Store 25,189.0
2024-09-02,Store 25,195.1
2024-09-09,Store 25,166.8
2024-09-16,Store 25,147.9
2024-09-23,Store 25,176.8
2024-09-30,Store 25,178.1
2024-10-07,Store 25,190.2
2024-10-14,Store 25,186.6
2024-10-21,Store 25,197.9
2024-10-28,Store 25,179.9
2024-11-04,Store 25,176.3
2024-11-11,Store 25,154.9
2024-11-18,Store 25,183.5
2024-11-25,Store 25,174.1
2024-12-02,Store 25,189.3
2024-12-09,Store 25,191.0
2024-12-16,Store 25,201.4
2024-12-23,Store 25,197.1
2024-12-30,Store 25,216.8
2025-01-06,Store 25,166.1
2025-01-13,Store 25,213.8
2025-01-20,Store 25,232.8
2025-01-27,Store 25,246.4
2025-02-03,Store 25,232.6
2025-02-10,Store 25,249.7
2025-02-17,Store 25,229.4
2025-02-24,Store 25,228.8
2025-03-03,Store 25,238.1
2025-03-10,Store 25,231.0
2025-03-17,Store 25,219.6
2025-03-24,Store 25,223.3
2025-03-31,Store 25,213.5
2025-04-07,Store 25,236.6
2025-04-14,Store 25,226.8
2025-04-21,Store 25,218.7
2025-04-28,Store 25,212.4
2025-05-05,Store 25,224.9
2025-05-12,Store 25,225.0
2025-05-19,Store 25,191.9
2025-05-26,Store 25,184.7
2025-06-02,Store 25,213.3
2025-06-09,Store 25,173.1
2025-06-16,Store 25,196.5
2025-06-23,Store 25,207.0
2024-01-01,Store 26,411.7
2024-01-08,Store 26,430.8
2024-01-15,Store 26,357.5
2024-01-22,Store 26,380.5
2024-01-29,Store 26,394.9
2024-02-05,Store 26,371.5
2024-02-12,Store 26,389.4
2024-02-19,Store 26,364.2
2024-02-26,Store 26,360.7
2024-03-04,Store 26,348.6
2024-03-11,Store 26,338.9
2024-03-18,Store 26,332.7
2024-03-25,Store 26,339.3
2024-04-01,Store 26,318.3
2024-04-08,Store 26,339.3
2024-04-15,Store 26,330.2
2024-04-22,Store 26,332.8
2024-04-29,Store 26,295.8
2024-05-06,Store 26,284.1
2024-05-13,Store 26,307.1
2024-05-20,Store 26,348.8
2024-05-27,Store 26,323.0
2024-06-03,Store 26,295.0
2024-06-10,Store 26,309.7
2024-06-17,Store 26,314.8
2024-06-24,Store 26,284.5
2024-07-01,Store 26,327.3
2024-07-08,Store 26,306.4
2024-07-15,Store 26,310.2
2024-07-22,Store 26,315.0
2024-07-29,Store 26,335.2
2024-08-05,Store 26,310.4
2024-08-12,Store 26,300.1
2024-08-19,Store 26,334.6
2024-08-26,Store 26,303.3
2024-09-02,Store 26,333.6
2024-09-09,Store 26,360.0
2024-09-16,Store 26,354.8
2024-09-23,Store 26,365.5
2024-09-30,Store 26,362.6
2024-10-07,Store 26,392.5
2024-10-14,Store 26,350.2
2024-10-21,Store 26,367.2
2024-10-28,Store 26,356.3
2024-11-04,Store 26,378.4
2024-11-11,Store 26,363.7
2024-11-18,Store 26,390.4
2024-11-25,Store 26,356.0
2024-12-02,Store 26,383.9
2024-12-09,Store 26,369.8
2024-12-16,Store 26,358.0
2024-12-23,Store 26,363.5
2024-12-30,Store 26,355.7
2025-01-06,Store 26,353.1
2025-01-13,Store 26,340.1
2025-01-20,Store 26,327.7
2025-01-27,Store 26,327.9
2025-02-03,Store 26,302.0
2025-02-10,Store 26,334.1
2025-02-17,Store 26,297.0
2025-02-24,Store 26,306.2
2025-03-03,Store 26,313.1
2025-03-10,Store 26,310.0
2025-03-17,Store 26,265.0
2025-03-24,Store 26,284.6
2025-03-31,Store 26,287.5
2025-04-07,Store 26,276.4
2025-04-14,Store 26,291.3
2025-04-21,Store 26,254.7
2025-04-28,Store 26,232.6
2025-05-05,Store 26,272.5
2025-05-12,Store 26,249.8
2025-05-19,Store 26,229.6
2025-05-26,Store 26,252.3
2025-06-02,Store 26,272.5
2025-06-09,Store 26,235.1
2025-06-16,Store 26,289.6
2025-06-23,Store 26,243.2
2024-01-01,Store 27,278.5
2024-01-08,Store 27,347.4
2024-01-15,Store 27,301.8
2024-01-22,Store 27,305.9
2024-01-29,Store 27,331.9
2024-02-05,Store 27,348.5
2024-02-12,Store 27,342.1
2024-02-19,Store 27,310.9
2024-02-26,Store 27,335.8
2024-03-04,Store 27,307.8
2024-03-11,Store 27,352.9
2024-03-18,Store 27,318.1
2024-03-25,Store 27,333.6
2024-04-01,Store 27,348.5
2024-04-08,Store 27,358.0
2024-04-15,Store 27,349.9
2024-04-22,Store 27,379.1
2024-04-29,Store 27,369.4
2024-05-06,Store 27,370.4
2024-05-13,Store 27,344.3
2024-05-20,Store 27,390.2
2024-05-27,Store 27,354.4
2024-06-03,Store 27,394.3
2024-06-10,Store 27,400.2
2024-06-17,Store 27,379.2
2024-06-24,Store 27,388.6
2024-07-01,Store 27,328.5
2024-07-08,Store 27,373.4
2024-07-15,Store 27,394.5
2024-07-22,Store 27,393.5
2024-07-29,Store 27,363.1
2024-08-05,Store 27,378.8
2024-08-12,Store 27,347.1
2024-08-19,Store 27,393.4
2024-08-26,Store 27,361.1
2024-09-02,Store 27,408.6
2024-09-09,Store 27,411.8
2024-09-16,Store 27,389.5
2024-09-23,Store 27,407.2
2024-09-30,Store 27,399.0
2024-10-07,Store 27,409.0
2024-10-14,Store 27,391.3
2024-10-21,Store 27,421.2
2024-10-28,Store 27,390.8
2024-11-04,Store 27,391.6
2024-11-11,Store 27,421.0
2024-11-18,Store 27,423.5
2024-11-25,Store 27,434.7
2024-12-02,Store 27,425.0
2024-12-09,Store 27,467.1
2024-12-16,Store 27,445.4
2024-12-23,Store 27,450.6
2024-12-30,Store 27,454.3
2025-01-06,Store 27,470.6
2025-01-13,Store 27,468.3
2025-01-20,Store 27,470.4
2025-01-27,Store 27,478.9
2025-02-03,Store 27,444.4
2025-02-10,Store 27,448.9
2025-02-17,Store 27,478.3
2025-02-24,Store 27,480.1
2025-03-03,Store 27,495.2
2025-03-10,Store 27,490.2
2025-03-17,Store 27,501.8
2025-03-24,Store 27,477.5
2025-03-31,Store 27,498.9
2025-04-07,Store 27,481.7
2025-04-14,Store 27,510.2
2025-04-21,Store 27,478.6
2025-04-28,Store 27,514.3
2025-05-05,Store 27,489.2
2025-05-12,Store 27,507.5
2025-05-19,Store 27,528.6
2025-05-26,Store 27,520.4
2025-06-02,Store 27,494.0
2025-06-09,Store 27,510.3
2025-06-16,Store 27,499.5
2025-06-23,Store 27,498.2
2024-01-01,Store 28,589.4
2024-01-08,Store 28,584.4
2024-01-15,Store 28,572.1
2024-01-22,Store 28,582.2
2024-01-29,Store 28,570.4
2024-02-05,Store 28,579.8
2024-02-12,Store 28,596.9
2024-02-19,Store 28,597.6
2024-02-26,Store 28,649.9
2024-03-04,Store 28,588.9
2024-03-11,Store 28,613.0
2024-03-18,Store 28,599.8
2024-03-25,Store 28,622.1
2024-04-01,Store 28,629.7
2024-04-08,Store 28,654.9
2024-04-15,Store 28,642.9
2024-04-22,Store 28,654.2
2024-04-29,Store 28,658.0
2024-05-06,Store 28,650.6
2024-05-13,Store 28,668.8
2024-05-20,Store 28,679.4
2024-05-27,Store 28,692.3
2024-06-03,Store 28,705.2
2024-06-10,Store 28,698.2
2024-06-17,Store 28,702.3
2024-06-24,Store 28,683.8
2024-07-01,Store 28,720.5
2024-07-08,Store 28,703.9
2024-07-15,Store 28,726.7
2024-07-22,Store 28,735.5
2024-07-29,Store 28,712.3
2024-08-05,Store 28,698.4
2024-08-12,Store 28,711.3
2024-08-19,Store 28,713.8
2024-08-26,Store 28,700.2
2024-09-02,Store 28,692.1
2024-09-09,Store 28,704.1
2024-09-16,Store 28,697.6
2024-09-23,Store 28,679.1
2024-09-30,Store 28,653.3
2024-10-07,Store 28,678.6
2024-10-14,Store 28,653.7
2024-10-21,Store 28,661.8
2024-10-28,Store 28,654.3
2024-11-04,Store 28,617.4
2024-11-11,Store 28,640.9
2024-11-18,Store 28,641.6
2024-11-25,Store 28,638.2
2024-12-02,Store 28,625.7
2024-12-09,Store 28,590.2
2024-12-16,Store 28,635.6
2024-12-23,Store 28,619.9
2024-12-30,Store 28,593.7
2025-01-06,Store 28,598.9
2025-01-13,Store 28,613.9
2025-01-20,Store 28,621.2
2025-01-27,Store 28,605.1
2025-02-03,Store 28,627.1
2025-02-10,Store 28,590.9
2025-02-17,Store 28,605.9
2025-02-24,Store 28,595.2
2025-03-03,Store 28,617.9
2025-03-10,Store 28,659.7
2025-03-17,Store 28,674.3
2025-03-24,Store 28,653.6
2025-03-31,Store 28,647.6
2025-04-07,Store 28,661.1
2025-04-14,Store 28,678.9
2025-04-21,Store 28,655.8
2025-04-28,Store 28,678.1
2025-05-05,Store 28,715.4
2025-05-12,Store 28,685.1
2025-05-19,Store 28,696.1
2025-05-26,Store 28,713.7
2025-06-02,Store 28,723.3
2025-06-09,Store 28,714.6
2025-06-16,Store 28,729.4
2025-06-23,Store 28,740.9
2024-01-01,Store 29,311.9
2024-01-08,Store 29,305.4
2024-01-15,Store 29,333.5
2024-01-22,Store 29,349.8
2024-01-29,Store 29,342.3
2024-02-05,Store 29,338.0
2024-02-12,Store 29,319.4
2024-02-19,Store 29,341.3
2024-02-26,Store 29,360.8
2024-03-04,Store 29,323.2
2024-03-11,Store 29,336.7
2024-03-18,Store 29,332.4
2024-03-25,Store 29,324.9
2024-04-01,Store 29,335.6
2024-04-08,Store 29,334.4
2024-04-15,Store 29,329.6
2024-04-22,Store 29,303.3
2024-04-29,Store 29,287.7
2024-05-06,Store 29,310.4
2024-05-13,Store 29,292.8
2024-05-20,Store 29,321.7
2024-05-27,Store 29,316.1
2024-06-03,Store 29,311.5
2024-06-10,Store 29,261.4
2024-06-17,Store 29,278.2
2024-06-24,Store 29,277.2
2024-07-01,Store 29,270.4
2024-07-08,Store 29,249.1
2024-07-15,Store 29,269.5
2024-07-22,Store 29,246.8
2024-07-29,Store 29,246.0
2024-08-05,Store 29,218.9
2024-08-12,Store 29,250.4
2024-08-19,Store 29,236.3
2024-08-26,Store 29,247.4
2024-09-02,Store 29,245.0
2024-09-09,Store 29,246.0
2024-09-16,Store 29,245.2
2024-09-23,Store 29,260.9
2024-09-30,Store 29,250.1
2024-10-07,Store 29,235.8
2024-10-14,Store 29,271.3
2024-10-21,Store 29,256.3
2024-10-28,Store 29,254.5
2024-11-04,Store 29,265.4
2024-11-11,Store 29,291.5
2024-11-18,Store 29,292.5
2024-11-25,Store 29,268.7
2024-12-02,Store 29,301.7
2024-12-09,Store 29,331.5
2024-12-16,Store 29,313.5
2024-12-23,Store 29,323.8
2024-12-30,Store 29,347.5
2025-01-06,Store 29,348.8
2025-01-13,Store 29,356.8
2025-01-20,Store 29,303.7
2025-01-27,Store 29,374.6
2025-02-03,Store 29,360.6
2025-02-10,Store 29,389.7
2025-02-17,Store 29,342.1
2025-02-24,Store 29,327.5
2025-03-03,Store 29,353.5
2025-03-10,Store 29,347.9
2025-03-17,Store 29,359.7
2025-03-24,Store 29,363.2
2025-03-31,Store 29,342.3
2025-04-07,Store 29,335.8
2025-04-14,Store 29,342.6
2025-04-21,Store 29,325.8
2025-04-28,Store 29,318.9
2025-05-05,Store 29,333.7
2025-05-12,Store 29,330.9
2025-05-19,Store 29,322.1
2025-05-26,Store 29,297.0
2025-06-02,Store 29,261.2
2025-06-09,Store 29,284.9
2025-06-16,Store 29,269.9
2025-06-23,Store 29,273.8
2024-01-01,Store 30,473.8
2024-01-08,Store 30,438.4
2024-01-15,Store 30,451.0
2024-01-22,Store 30,463.9
2024-01-29,Store 30,462.4
2024-02-05,Store 30,460.3
2024-02-12,Store 30,453.1
2024-02-19,Store 30,460.1
